"all_themes","major_topic","organization_org_state","short_label","measure","amount"
"ncmrr","Child Development & Behavior","CA","Rehabilitation","Awards",3
"ncmrr","Child Development & Behavior","CA","Rehabilitation","Funding",0.929181
"ncmrr","Child Development & Behavior","MA","Rehabilitation","Awards",1
"ncmrr","Child Development & Behavior","MA","Rehabilitation","Funding",0.08158
"ncmrr","Child Development & Behavior","OH","Rehabilitation","Awards",1
"ncmrr","Child Development & Behavior","OH","Rehabilitation","Funding",0.354268
"ncmrr","Child Development & Behavior","PA","Rehabilitation","Awards",1
"ncmrr","Child Development & Behavior","PA","Rehabilitation","Funding",0.497426
"ncmrr","Dev. Biology & Congenital Anomalies","AZ","Rehabilitation","Awards",1
"ncmrr","Dev. Biology & Congenital Anomalies","AZ","Rehabilitation","Funding",0.510446
"ncmrr","Dev. Biology & Congenital Anomalies","CA","Rehabilitation","Awards",1
"ncmrr","Dev. Biology & Congenital Anomalies","CA","Rehabilitation","Funding",0.055114
"ncmrr","Dev. Biology & Congenital Anomalies","CO","Rehabilitation","Awards",1
"ncmrr","Dev. Biology & Congenital Anomalies","CO","Rehabilitation","Funding",0.01
"ncmrr","Dev. Biology & Congenital Anomalies","CT","Rehabilitation","Awards",1
"ncmrr","Dev. Biology & Congenital Anomalies","CT","Rehabilitation","Funding",0.467962
"ncmrr","Dev. Biology & Congenital Anomalies","MA","Rehabilitation","Awards",3
"ncmrr","Dev. Biology & Congenital Anomalies","MA","Rehabilitation","Funding",1.804636
"ncmrr","Dev. Biology & Congenital Anomalies","MI","Rehabilitation","Awards",1
"ncmrr","Dev. Biology & Congenital Anomalies","MI","Rehabilitation","Funding",0.3861
"ncmrr","Dev. Biology & Congenital Anomalies","NH","Rehabilitation","Awards",1
"ncmrr","Dev. Biology & Congenital Anomalies","NH","Rehabilitation","Funding",0.499037
"ncmrr","Dev. Biology & Congenital Anomalies","NY","Rehabilitation","Awards",4
"ncmrr","Dev. Biology & Congenital Anomalies","NY","Rehabilitation","Funding",0.869711
"ncmrr","Dev. Biology & Congenital Anomalies","TX","Rehabilitation","Awards",1
"ncmrr","Dev. Biology & Congenital Anomalies","TX","Rehabilitation","Funding",0.199705
"ncmrr","Dev. Biology & Congenital Anomalies","WA","Rehabilitation","Awards",2
"ncmrr","Dev. Biology & Congenital Anomalies","WA","Rehabilitation","Funding",0.128265
"ncmrr","Dev. Biology & Congenital Anomalies","WI","Rehabilitation","Awards",1
"ncmrr","Dev. Biology & Congenital Anomalies","WI","Rehabilitation","Funding",0.225
"ncmrr","Gynecologic Health & Disease","FL","Rehabilitation","Awards",1
"ncmrr","Gynecologic Health & Disease","FL","Rehabilitation","Funding",0.440651
"ncmrr","Intellectual & Developmental Disabilities","CA","Rehabilitation","Awards",4
"ncmrr","Intellectual & Developmental Disabilities","CA","Rehabilitation","Funding",1.764811
"ncmrr","Intellectual & Developmental Disabilities","GA","Rehabilitation","Awards",1
"ncmrr","Intellectual & Developmental Disabilities","GA","Rehabilitation","Funding",0.238706
"ncmrr","Intellectual & Developmental Disabilities","MA","Rehabilitation","Awards",3
"ncmrr","Intellectual & Developmental Disabilities","MA","Rehabilitation","Funding",0.747811
"ncmrr","Intellectual & Developmental Disabilities","MO","Rehabilitation","Awards",2
"ncmrr","Intellectual & Developmental Disabilities","MO","Rehabilitation","Funding",0.249
"ncmrr","Intellectual & Developmental Disabilities","NC","Rehabilitation","Awards",1
"ncmrr","Intellectual & Developmental Disabilities","NC","Rehabilitation","Funding",0.133817
"ncmrr","Intellectual & Developmental Disabilities","OH","Rehabilitation","Awards",1
"ncmrr","Intellectual & Developmental Disabilities","OH","Rehabilitation","Funding",0.193105
"ncmrr","Intellectual & Developmental Disabilities","PA","Rehabilitation","Awards",1
"ncmrr","Intellectual & Developmental Disabilities","PA","Rehabilitation","Funding",0.672991
"ncmrr","Intellectual & Developmental Disabilities","SC","Rehabilitation","Awards",2
"ncmrr","Intellectual & Developmental Disabilities","SC","Rehabilitation","Funding",1.561205
"ncmrr","Intellectual & Developmental Disabilities","TX","Rehabilitation","Awards",1
"ncmrr","Intellectual & Developmental Disabilities","TX","Rehabilitation","Funding",0.039651
"ncmrr","Intellectual & Developmental Disabilities","WI","Rehabilitation","Awards",1
"ncmrr","Intellectual & Developmental Disabilities","WI","Rehabilitation","Funding",0.039271
"ncmrr","Natl. Ctr. for Med. Rehabilitation Res.","AL","Rehabilitation","Awards",4
"ncmrr","Natl. Ctr. for Med. Rehabilitation Res.","AL","Rehabilitation","Funding",2.825969
"ncmrr","Natl. Ctr. for Med. Rehabilitation Res.","AZ","Rehabilitation","Awards",4
"ncmrr","Natl. Ctr. for Med. Rehabilitation Res.","AZ","Rehabilitation","Funding",2.000017
"ncmrr","Natl. Ctr. for Med. Rehabilitation Res.","CA","Rehabilitation","Awards",17
"ncmrr","Natl. Ctr. for Med. Rehabilitation Res.","CA","Rehabilitation","Funding",9.577239
"ncmrr","Natl. Ctr. for Med. Rehabilitation Res.","CO","Rehabilitation","Awards",5
"ncmrr","Natl. Ctr. for Med. Rehabilitation Res.","CO","Rehabilitation","Funding",2.161325
"ncmrr","Natl. Ctr. for Med. Rehabilitation Res.","CT","Rehabilitation","Awards",2
"ncmrr","Natl. Ctr. for Med. Rehabilitation Res.","CT","Rehabilitation","Funding",0.507154
"ncmrr","Natl. Ctr. for Med. Rehabilitation Res.","DC","Rehabilitation","Awards",2
"ncmrr","Natl. Ctr. for Med. Rehabilitation Res.","DC","Rehabilitation","Funding",0.94923
"ncmrr","Natl. Ctr. for Med. Rehabilitation Res.","DE","Rehabilitation","Awards",5
"ncmrr","Natl. Ctr. for Med. Rehabilitation Res.","DE","Rehabilitation","Funding",1.096023
"ncmrr","Natl. Ctr. for Med. Rehabilitation Res.","FL","Rehabilitation","Awards",6
"ncmrr","Natl. Ctr. for Med. Rehabilitation Res.","FL","Rehabilitation","Funding",2.238252
"ncmrr","Natl. Ctr. for Med. Rehabilitation Res.","GA","Rehabilitation","Awards",11
"ncmrr","Natl. Ctr. for Med. Rehabilitation Res.","GA","Rehabilitation","Funding",4.845563
"ncmrr","Natl. Ctr. for Med. Rehabilitation Res.","IL","Rehabilitation","Awards",29
"ncmrr","Natl. Ctr. for Med. Rehabilitation Res.","IL","Rehabilitation","Funding",14.903483
"ncmrr","Natl. Ctr. for Med. Rehabilitation Res.","IN","Rehabilitation","Awards",2
"ncmrr","Natl. Ctr. for Med. Rehabilitation Res.","IN","Rehabilitation","Funding",0.773829
"ncmrr","Natl. Ctr. for Med. Rehabilitation Res.","KS","Rehabilitation","Awards",3
"ncmrr","Natl. Ctr. for Med. Rehabilitation Res.","KS","Rehabilitation","Funding",1.175959
"ncmrr","Natl. Ctr. for Med. Rehabilitation Res.","MA","Rehabilitation","Awards",8
"ncmrr","Natl. Ctr. for Med. Rehabilitation Res.","MA","Rehabilitation","Funding",4.540622
"ncmrr","Natl. Ctr. for Med. Rehabilitation Res.","MD","Rehabilitation","Awards",6
"ncmrr","Natl. Ctr. for Med. Rehabilitation Res.","MD","Rehabilitation","Funding",3.934689
"ncmrr","Natl. Ctr. for Med. Rehabilitation Res.","MI","Rehabilitation","Awards",12
"ncmrr","Natl. Ctr. for Med. Rehabilitation Res.","MI","Rehabilitation","Funding",4.585015
"ncmrr","Natl. Ctr. for Med. Rehabilitation Res.","MN","Rehabilitation","Awards",3
"ncmrr","Natl. Ctr. for Med. Rehabilitation Res.","MN","Rehabilitation","Funding",2.119731
"ncmrr","Natl. Ctr. for Med. Rehabilitation Res.","MO","Rehabilitation","Awards",7
"ncmrr","Natl. Ctr. for Med. Rehabilitation Res.","MO","Rehabilitation","Funding",3.541117
"ncmrr","Natl. Ctr. for Med. Rehabilitation Res.","NC","Rehabilitation","Awards",9
"ncmrr","Natl. Ctr. for Med. Rehabilitation Res.","NC","Rehabilitation","Funding",3.607414
"ncmrr","Natl. Ctr. for Med. Rehabilitation Res.","NE","Rehabilitation","Awards",3
"ncmrr","Natl. Ctr. for Med. Rehabilitation Res.","NE","Rehabilitation","Funding",1.771972
"ncmrr","Natl. Ctr. for Med. Rehabilitation Res.","NJ","Rehabilitation","Awards",4
"ncmrr","Natl. Ctr. for Med. Rehabilitation Res.","NJ","Rehabilitation","Funding",1.11085
"ncmrr","Natl. Ctr. for Med. Rehabilitation Res.","NY","Rehabilitation","Awards",5
"ncmrr","Natl. Ctr. for Med. Rehabilitation Res.","NY","Rehabilitation","Funding",2.355447
"ncmrr","Natl. Ctr. for Med. Rehabilitation Res.","OH","Rehabilitation","Awards",13
"ncmrr","Natl. Ctr. for Med. Rehabilitation Res.","OH","Rehabilitation","Funding",4.925286
"ncmrr","Natl. Ctr. for Med. Rehabilitation Res.","OR","Rehabilitation","Awards",3
"ncmrr","Natl. Ctr. for Med. Rehabilitation Res.","OR","Rehabilitation","Funding",1.249789
"ncmrr","Natl. Ctr. for Med. Rehabilitation Res.","PA","Rehabilitation","Awards",15
"ncmrr","Natl. Ctr. for Med. Rehabilitation Res.","PA","Rehabilitation","Funding",7.061353
"ncmrr","Natl. Ctr. for Med. Rehabilitation Res.","SC","Rehabilitation","Awards",5
"ncmrr","Natl. Ctr. for Med. Rehabilitation Res.","SC","Rehabilitation","Funding",3.016512
"ncmrr","Natl. Ctr. for Med. Rehabilitation Res.","TN","Rehabilitation","Awards",2
"ncmrr","Natl. Ctr. for Med. Rehabilitation Res.","TN","Rehabilitation","Funding",1.675932
"ncmrr","Natl. Ctr. for Med. Rehabilitation Res.","TX","Rehabilitation","Awards",6
"ncmrr","Natl. Ctr. for Med. Rehabilitation Res.","TX","Rehabilitation","Funding",2.231374
"ncmrr","Natl. Ctr. for Med. Rehabilitation Res.","UT","Rehabilitation","Awards",10
"ncmrr","Natl. Ctr. for Med. Rehabilitation Res.","UT","Rehabilitation","Funding",4.280684
"ncmrr","Natl. Ctr. for Med. Rehabilitation Res.","VA","Rehabilitation","Awards",4
"ncmrr","Natl. Ctr. for Med. Rehabilitation Res.","VA","Rehabilitation","Funding",1.759993
"ncmrr","Natl. Ctr. for Med. Rehabilitation Res.","WA","Rehabilitation","Awards",9
"ncmrr","Natl. Ctr. for Med. Rehabilitation Res.","WA","Rehabilitation","Funding",3.447954
"ncmrr","Natl. Ctr. for Med. Rehabilitation Res.","WI","Rehabilitation","Awards",5
"ncmrr","Natl. Ctr. for Med. Rehabilitation Res.","WI","Rehabilitation","Funding",2.61525
"ncmrr","Obstet. & Ped. Pharmacol. & Therap.","MO","Rehabilitation","Awards",1
"ncmrr","Obstet. & Ped. Pharmacol. & Therap.","MO","Rehabilitation","Funding",0.163507
"ncmrr","Obstet. & Ped. Pharmacol. & Therap.","OH","Rehabilitation","Awards",1
"ncmrr","Obstet. & Ped. Pharmacol. & Therap.","OH","Rehabilitation","Funding",0.053722
"ncmrr","Obstet. & Ped. Pharmacol. & Therap.","WI","Rehabilitation","Awards",1
"ncmrr","Obstet. & Ped. Pharmacol. & Therap.","WI","Rehabilitation","Funding",0.34332
"ncmrr","Pediatric Growth & Nutrition","MA","Rehabilitation","Awards",1
"ncmrr","Pediatric Growth & Nutrition","MA","Rehabilitation","Funding",0.631027
"ncmrr","Pediatric Growth & Nutrition","NC","Rehabilitation","Awards",2
"ncmrr","Pediatric Growth & Nutrition","NC","Rehabilitation","Funding",10.97448
"ncmrr","Pediatric Growth & Nutrition","UT","Rehabilitation","Awards",1
"ncmrr","Pediatric Growth & Nutrition","UT","Rehabilitation","Funding",0.055114
"ncmrr","Pediatric Growth & Nutrition","WI","Rehabilitation","Awards",1
"ncmrr","Pediatric Growth & Nutrition","WI","Rehabilitation","Funding",0.633769
"ncmrr","Pediatric Trauma & Critical Care","NC","Rehabilitation","Awards",1
"ncmrr","Pediatric Trauma & Critical Care","NC","Rehabilitation","Funding",0.647003
"ncmrr","Pediatric Trauma & Critical Care","NV","Rehabilitation","Awards",1
"ncmrr","Pediatric Trauma & Critical Care","NV","Rehabilitation","Funding",0.153602
"ncmrr","Pediatric Trauma & Critical Care","OH","Rehabilitation","Awards",1
"ncmrr","Pediatric Trauma & Critical Care","OH","Rehabilitation","Funding",0.616983
"ncmrr","Pediatric Trauma & Critical Care","SC","Rehabilitation","Awards",1
"ncmrr","Pediatric Trauma & Critical Care","SC","Rehabilitation","Funding",0.578158
"ncmrr","Population Dynamics","IL","Rehabilitation","Awards",1
"ncmrr","Population Dynamics","IL","Rehabilitation","Funding",0.409731
"ncmrr","Population Dynamics","MN","Rehabilitation","Awards",1
"ncmrr","Population Dynamics","MN","Rehabilitation","Funding",0.665503
"ncmrr","Pregnancy & Perinatology","CA","Rehabilitation","Awards",2
"ncmrr","Pregnancy & Perinatology","CA","Rehabilitation","Funding",0.921272
"ncmrr","Pregnancy & Perinatology","ID","Rehabilitation","Awards",1
"ncmrr","Pregnancy & Perinatology","ID","Rehabilitation","Funding",0.573021
"ncmrr","Pregnancy & Perinatology","MI","Rehabilitation","Awards",2
"ncmrr","Pregnancy & Perinatology","MI","Rehabilitation","Funding",0.194446
"ncmrr","Pregnancy & Perinatology","MO","Rehabilitation","Awards",1
"ncmrr","Pregnancy & Perinatology","MO","Rehabilitation","Funding",0.334325
"ncmrr","Pregnancy & Perinatology","PA","Rehabilitation","Awards",2
"ncmrr","Pregnancy & Perinatology","PA","Rehabilitation","Funding",0.870798
"ncmrr","Pregnancy & Perinatology","TX","Rehabilitation","Awards",1
"ncmrr","Pregnancy & Perinatology","TX","Rehabilitation","Funding",0.585281
"theme1","Child Development & Behavior","CA","Developmental Biology","Awards",1
"theme1","Child Development & Behavior","CA","Developmental Biology","Funding",0.65176
"theme1","Child Development & Behavior","IA","Developmental Biology","Awards",1
"theme1","Child Development & Behavior","IA","Developmental Biology","Funding",0.146086
"theme1","Child Development & Behavior","IN","Developmental Biology","Awards",1
"theme1","Child Development & Behavior","IN","Developmental Biology","Funding",0.01
"theme1","Child Development & Behavior","KY","Developmental Biology","Awards",1
"theme1","Child Development & Behavior","KY","Developmental Biology","Funding",0.249
"theme1","Child Development & Behavior","NY","Developmental Biology","Awards",1
"theme1","Child Development & Behavior","NY","Developmental Biology","Funding",0.758206
"theme1","Child Development & Behavior","TN","Developmental Biology","Awards",1
"theme1","Child Development & Behavior","TN","Developmental Biology","Funding",0.01
"theme1","Dev. Biology & Congenital Anomalies","AL","Developmental Biology","Awards",1
"theme1","Dev. Biology & Congenital Anomalies","AL","Developmental Biology","Funding",0.602956
"theme1","Dev. Biology & Congenital Anomalies","AZ","Developmental Biology","Awards",2
"theme1","Dev. Biology & Congenital Anomalies","AZ","Developmental Biology","Funding",0.759446
"theme1","Dev. Biology & Congenital Anomalies","CA","Developmental Biology","Awards",25
"theme1","Dev. Biology & Congenital Anomalies","CA","Developmental Biology","Funding",9.390598
"theme1","Dev. Biology & Congenital Anomalies","CO","Developmental Biology","Awards",3
"theme1","Dev. Biology & Congenital Anomalies","CO","Developmental Biology","Funding",0.496052
"theme1","Dev. Biology & Congenital Anomalies","CT","Developmental Biology","Awards",9
"theme1","Dev. Biology & Congenital Anomalies","CT","Developmental Biology","Funding",4.305171
"theme1","Dev. Biology & Congenital Anomalies","DC","Developmental Biology","Awards",1
"theme1","Dev. Biology & Congenital Anomalies","DC","Developmental Biology","Funding",0.54036
"theme1","Dev. Biology & Congenital Anomalies","FL","Developmental Biology","Awards",1
"theme1","Dev. Biology & Congenital Anomalies","FL","Developmental Biology","Funding",0.724899
"theme1","Dev. Biology & Congenital Anomalies","GA","Developmental Biology","Awards",4
"theme1","Dev. Biology & Congenital Anomalies","GA","Developmental Biology","Funding",0.496881
"theme1","Dev. Biology & Congenital Anomalies","HI","Developmental Biology","Awards",1
"theme1","Dev. Biology & Congenital Anomalies","HI","Developmental Biology","Funding",0.1565
"theme1","Dev. Biology & Congenital Anomalies","ID","Developmental Biology","Awards",1
"theme1","Dev. Biology & Congenital Anomalies","ID","Developmental Biology","Funding",0.415376
"theme1","Dev. Biology & Congenital Anomalies","IL","Developmental Biology","Awards",9
"theme1","Dev. Biology & Congenital Anomalies","IL","Developmental Biology","Funding",3.724744
"theme1","Dev. Biology & Congenital Anomalies","IN","Developmental Biology","Awards",1
"theme1","Dev. Biology & Congenital Anomalies","IN","Developmental Biology","Funding",0.425348
"theme1","Dev. Biology & Congenital Anomalies","KY","Developmental Biology","Awards",2
"theme1","Dev. Biology & Congenital Anomalies","KY","Developmental Biology","Funding",1.066599
"theme1","Dev. Biology & Congenital Anomalies","LA","Developmental Biology","Awards",1
"theme1","Dev. Biology & Congenital Anomalies","LA","Developmental Biology","Funding",0.136916
"theme1","Dev. Biology & Congenital Anomalies","MA","Developmental Biology","Awards",25
"theme1","Dev. Biology & Congenital Anomalies","MA","Developmental Biology","Funding",22.50319
"theme1","Dev. Biology & Congenital Anomalies","MD","Developmental Biology","Awards",8
"theme1","Dev. Biology & Congenital Anomalies","MD","Developmental Biology","Funding",2.85679
"theme1","Dev. Biology & Congenital Anomalies","ME","Developmental Biology","Awards",5
"theme1","Dev. Biology & Congenital Anomalies","ME","Developmental Biology","Funding",4.136952
"theme1","Dev. Biology & Congenital Anomalies","MI","Developmental Biology","Awards",6
"theme1","Dev. Biology & Congenital Anomalies","MI","Developmental Biology","Funding",2.180085
"theme1","Dev. Biology & Congenital Anomalies","MN","Developmental Biology","Awards",3
"theme1","Dev. Biology & Congenital Anomalies","MN","Developmental Biology","Funding",0.70389
"theme1","Dev. Biology & Congenital Anomalies","MO","Developmental Biology","Awards",5
"theme1","Dev. Biology & Congenital Anomalies","MO","Developmental Biology","Funding",1.919654
"theme1","Dev. Biology & Congenital Anomalies","MS","Developmental Biology","Awards",1
"theme1","Dev. Biology & Congenital Anomalies","MS","Developmental Biology","Funding",0.411969
"theme1","Dev. Biology & Congenital Anomalies","NC","Developmental Biology","Awards",18
"theme1","Dev. Biology & Congenital Anomalies","NC","Developmental Biology","Funding",6.654934
"theme1","Dev. Biology & Congenital Anomalies","NJ","Developmental Biology","Awards",12
"theme1","Dev. Biology & Congenital Anomalies","NJ","Developmental Biology","Funding",5.385587
"theme1","Dev. Biology & Congenital Anomalies","NY","Developmental Biology","Awards",31
"theme1","Dev. Biology & Congenital Anomalies","NY","Developmental Biology","Funding",11.004916
"theme1","Dev. Biology & Congenital Anomalies","OH","Developmental Biology","Awards",10
"theme1","Dev. Biology & Congenital Anomalies","OH","Developmental Biology","Funding",4.05958
"theme1","Dev. Biology & Congenital Anomalies","OR","Developmental Biology","Awards",6
"theme1","Dev. Biology & Congenital Anomalies","OR","Developmental Biology","Funding",1.685063
"theme1","Dev. Biology & Congenital Anomalies","PA","Developmental Biology","Awards",17
"theme1","Dev. Biology & Congenital Anomalies","PA","Developmental Biology","Funding",6.029907
"theme1","Dev. Biology & Congenital Anomalies","TX","Developmental Biology","Awards",18
"theme1","Dev. Biology & Congenital Anomalies","TX","Developmental Biology","Funding",7.965026
"theme1","Dev. Biology & Congenital Anomalies","UT","Developmental Biology","Awards",3
"theme1","Dev. Biology & Congenital Anomalies","UT","Developmental Biology","Funding",0.877271
"theme1","Dev. Biology & Congenital Anomalies","VA","Developmental Biology","Awards",5
"theme1","Dev. Biology & Congenital Anomalies","VA","Developmental Biology","Funding",1.122862
"theme1","Dev. Biology & Congenital Anomalies","WA","Developmental Biology","Awards",8
"theme1","Dev. Biology & Congenital Anomalies","WA","Developmental Biology","Funding",3.411575
"theme1","Dev. Biology & Congenital Anomalies","WI","Developmental Biology","Awards",4
"theme1","Dev. Biology & Congenital Anomalies","WI","Developmental Biology","Funding",0.696725
"theme1","Fertility & Infertility","AZ","Developmental Biology","Awards",1
"theme1","Fertility & Infertility","AZ","Developmental Biology","Funding",0.489777
"theme1","Fertility & Infertility","CA","Developmental Biology","Awards",13
"theme1","Fertility & Infertility","CA","Developmental Biology","Funding",5.640957
"theme1","Fertility & Infertility","CO","Developmental Biology","Awards",5
"theme1","Fertility & Infertility","CO","Developmental Biology","Funding",2.501123
"theme1","Fertility & Infertility","CT","Developmental Biology","Awards",5
"theme1","Fertility & Infertility","CT","Developmental Biology","Funding",3.227082
"theme1","Fertility & Infertility","GA","Developmental Biology","Awards",4
"theme1","Fertility & Infertility","GA","Developmental Biology","Funding",0.434143
"theme1","Fertility & Infertility","HI","Developmental Biology","Awards",1
"theme1","Fertility & Infertility","HI","Developmental Biology","Funding",0.02
"theme1","Fertility & Infertility","IL","Developmental Biology","Awards",4
"theme1","Fertility & Infertility","IL","Developmental Biology","Funding",3.366018
"theme1","Fertility & Infertility","IN","Developmental Biology","Awards",2
"theme1","Fertility & Infertility","IN","Developmental Biology","Funding",0.727714
"theme1","Fertility & Infertility","KS","Developmental Biology","Awards",5
"theme1","Fertility & Infertility","KS","Developmental Biology","Funding",1.701537
"theme1","Fertility & Infertility","KY","Developmental Biology","Awards",2
"theme1","Fertility & Infertility","KY","Developmental Biology","Funding",0.573014
"theme1","Fertility & Infertility","LA","Developmental Biology","Awards",1
"theme1","Fertility & Infertility","LA","Developmental Biology","Funding",0.484361
"theme1","Fertility & Infertility","MA","Developmental Biology","Awards",14
"theme1","Fertility & Infertility","MA","Developmental Biology","Funding",6.198815
"theme1","Fertility & Infertility","MD","Developmental Biology","Awards",6
"theme1","Fertility & Infertility","MD","Developmental Biology","Funding",1.777856
"theme1","Fertility & Infertility","ME","Developmental Biology","Awards",1
"theme1","Fertility & Infertility","ME","Developmental Biology","Funding",0.401093
"theme1","Fertility & Infertility","MI","Developmental Biology","Awards",10
"theme1","Fertility & Infertility","MI","Developmental Biology","Funding",3.695774
"theme1","Fertility & Infertility","MO","Developmental Biology","Awards",7
"theme1","Fertility & Infertility","MO","Developmental Biology","Funding",2.655114
"theme1","Fertility & Infertility","MS","Developmental Biology","Awards",1
"theme1","Fertility & Infertility","MS","Developmental Biology","Funding",0.215797
"theme1","Fertility & Infertility","NC","Developmental Biology","Awards",5
"theme1","Fertility & Infertility","NC","Developmental Biology","Funding",1.975568
"theme1","Fertility & Infertility","NE","Developmental Biology","Awards",1
"theme1","Fertility & Infertility","NE","Developmental Biology","Funding",0.239086
"theme1","Fertility & Infertility","NH","Developmental Biology","Awards",1
"theme1","Fertility & Infertility","NH","Developmental Biology","Funding",0.45025
"theme1","Fertility & Infertility","NJ","Developmental Biology","Awards",6
"theme1","Fertility & Infertility","NJ","Developmental Biology","Funding",1.789129
"theme1","Fertility & Infertility","NY","Developmental Biology","Awards",23
"theme1","Fertility & Infertility","NY","Developmental Biology","Funding",10.463834
"theme1","Fertility & Infertility","OH","Developmental Biology","Awards",3
"theme1","Fertility & Infertility","OH","Developmental Biology","Funding",1.291802
"theme1","Fertility & Infertility","OR","Developmental Biology","Awards",2
"theme1","Fertility & Infertility","OR","Developmental Biology","Funding",0.985899
"theme1","Fertility & Infertility","PA","Developmental Biology","Awards",17
"theme1","Fertility & Infertility","PA","Developmental Biology","Funding",6.137943
"theme1","Fertility & Infertility","TX","Developmental Biology","Awards",13
"theme1","Fertility & Infertility","TX","Developmental Biology","Funding",5.698738
"theme1","Fertility & Infertility","UT","Developmental Biology","Awards",3
"theme1","Fertility & Infertility","UT","Developmental Biology","Funding",1.212787
"theme1","Fertility & Infertility","VA","Developmental Biology","Awards",3
"theme1","Fertility & Infertility","VA","Developmental Biology","Funding",1.214973
"theme1","Fertility & Infertility","VT","Developmental Biology","Awards",1
"theme1","Fertility & Infertility","VT","Developmental Biology","Funding",0.440918
"theme1","Fertility & Infertility","WA","Developmental Biology","Awards",2
"theme1","Fertility & Infertility","WA","Developmental Biology","Funding",0.811942
"theme1","Fertility & Infertility","WI","Developmental Biology","Awards",4
"theme1","Fertility & Infertility","WI","Developmental Biology","Funding",1.473204
"theme1","Fertility & Infertility","WY","Developmental Biology","Awards",2
"theme1","Fertility & Infertility","WY","Developmental Biology","Funding",0.7225
"theme1","Gynecologic Health & Disease","CA","Developmental Biology","Awards",2
"theme1","Gynecologic Health & Disease","CA","Developmental Biology","Funding",0.601196
"theme1","Gynecologic Health & Disease","CT","Developmental Biology","Awards",2
"theme1","Gynecologic Health & Disease","CT","Developmental Biology","Funding",0.902601
"theme1","Gynecologic Health & Disease","HI","Developmental Biology","Awards",1
"theme1","Gynecologic Health & Disease","HI","Developmental Biology","Funding",0.1565
"theme1","Gynecologic Health & Disease","IL","Developmental Biology","Awards",1
"theme1","Gynecologic Health & Disease","IL","Developmental Biology","Funding",0.652138
"theme1","Gynecologic Health & Disease","IN","Developmental Biology","Awards",1
"theme1","Gynecologic Health & Disease","IN","Developmental Biology","Funding",0.627031
"theme1","Gynecologic Health & Disease","MA","Developmental Biology","Awards",2
"theme1","Gynecologic Health & Disease","MA","Developmental Biology","Funding",0.891037
"theme1","Gynecologic Health & Disease","MD","Developmental Biology","Awards",2
"theme1","Gynecologic Health & Disease","MD","Developmental Biology","Funding",1.728189
"theme1","Gynecologic Health & Disease","MI","Developmental Biology","Awards",5
"theme1","Gynecologic Health & Disease","MI","Developmental Biology","Funding",3.092384
"theme1","Gynecologic Health & Disease","MO","Developmental Biology","Awards",1
"theme1","Gynecologic Health & Disease","MO","Developmental Biology","Funding",0.425939
"theme1","Gynecologic Health & Disease","OH","Developmental Biology","Awards",1
"theme1","Gynecologic Health & Disease","OH","Developmental Biology","Funding",0.688436
"theme1","Gynecologic Health & Disease","TN","Developmental Biology","Awards",1
"theme1","Gynecologic Health & Disease","TN","Developmental Biology","Funding",0.672026
"theme1","Gynecologic Health & Disease","TX","Developmental Biology","Awards",5
"theme1","Gynecologic Health & Disease","TX","Developmental Biology","Funding",2.846088
"theme1","Intellectual & Developmental Disabilities","AL","Developmental Biology","Awards",1
"theme1","Intellectual & Developmental Disabilities","AL","Developmental Biology","Funding",0.589008
"theme1","Intellectual & Developmental Disabilities","AR","Developmental Biology","Awards",1
"theme1","Intellectual & Developmental Disabilities","AR","Developmental Biology","Funding",0.295923
"theme1","Intellectual & Developmental Disabilities","CA","Developmental Biology","Awards",12
"theme1","Intellectual & Developmental Disabilities","CA","Developmental Biology","Funding",4.524168
"theme1","Intellectual & Developmental Disabilities","CO","Developmental Biology","Awards",6
"theme1","Intellectual & Developmental Disabilities","CO","Developmental Biology","Funding",2.634019
"theme1","Intellectual & Developmental Disabilities","CT","Developmental Biology","Awards",3
"theme1","Intellectual & Developmental Disabilities","CT","Developmental Biology","Funding",1.177285
"theme1","Intellectual & Developmental Disabilities","DC","Developmental Biology","Awards",1
"theme1","Intellectual & Developmental Disabilities","DC","Developmental Biology","Funding",0.377506
"theme1","Intellectual & Developmental Disabilities","DE","Developmental Biology","Awards",1
"theme1","Intellectual & Developmental Disabilities","DE","Developmental Biology","Funding",0.58011
"theme1","Intellectual & Developmental Disabilities","FL","Developmental Biology","Awards",3
"theme1","Intellectual & Developmental Disabilities","FL","Developmental Biology","Funding",1.29455
"theme1","Intellectual & Developmental Disabilities","GA","Developmental Biology","Awards",6
"theme1","Intellectual & Developmental Disabilities","GA","Developmental Biology","Funding",3.43757
"theme1","Intellectual & Developmental Disabilities","IA","Developmental Biology","Awards",2
"theme1","Intellectual & Developmental Disabilities","IA","Developmental Biology","Funding",1.923586
"theme1","Intellectual & Developmental Disabilities","IL","Developmental Biology","Awards",3
"theme1","Intellectual & Developmental Disabilities","IL","Developmental Biology","Funding",0.452636
"theme1","Intellectual & Developmental Disabilities","IN","Developmental Biology","Awards",2
"theme1","Intellectual & Developmental Disabilities","IN","Developmental Biology","Funding",2.303055
"theme1","Intellectual & Developmental Disabilities","KY","Developmental Biology","Awards",1
"theme1","Intellectual & Developmental Disabilities","KY","Developmental Biology","Funding",0.456892
"theme1","Intellectual & Developmental Disabilities","MA","Developmental Biology","Awards",17
"theme1","Intellectual & Developmental Disabilities","MA","Developmental Biology","Funding",9.516886
"theme1","Intellectual & Developmental Disabilities","MD","Developmental Biology","Awards",2
"theme1","Intellectual & Developmental Disabilities","MD","Developmental Biology","Funding",1.080365
"theme1","Intellectual & Developmental Disabilities","ME","Developmental Biology","Awards",3
"theme1","Intellectual & Developmental Disabilities","ME","Developmental Biology","Funding",0.774682
"theme1","Intellectual & Developmental Disabilities","MI","Developmental Biology","Awards",5
"theme1","Intellectual & Developmental Disabilities","MI","Developmental Biology","Funding",2.211984
"theme1","Intellectual & Developmental Disabilities","MN","Developmental Biology","Awards",1
"theme1","Intellectual & Developmental Disabilities","MN","Developmental Biology","Funding",0.036222
"theme1","Intellectual & Developmental Disabilities","MO","Developmental Biology","Awards",5
"theme1","Intellectual & Developmental Disabilities","MO","Developmental Biology","Funding",2.363754
"theme1","Intellectual & Developmental Disabilities","NC","Developmental Biology","Awards",4
"theme1","Intellectual & Developmental Disabilities","NC","Developmental Biology","Funding",1.416649
"theme1","Intellectual & Developmental Disabilities","NJ","Developmental Biology","Awards",1
"theme1","Intellectual & Developmental Disabilities","NJ","Developmental Biology","Funding",0.43175
"theme1","Intellectual & Developmental Disabilities","NY","Developmental Biology","Awards",16
"theme1","Intellectual & Developmental Disabilities","NY","Developmental Biology","Funding",6.851911
"theme1","Intellectual & Developmental Disabilities","OH","Developmental Biology","Awards",2
"theme1","Intellectual & Developmental Disabilities","OH","Developmental Biology","Funding",0.484698
"theme1","Intellectual & Developmental Disabilities","PA","Developmental Biology","Awards",8
"theme1","Intellectual & Developmental Disabilities","PA","Developmental Biology","Funding",3.129824
"theme1","Intellectual & Developmental Disabilities","RI","Developmental Biology","Awards",1
"theme1","Intellectual & Developmental Disabilities","RI","Developmental Biology","Funding",0.02
"theme1","Intellectual & Developmental Disabilities","SC","Developmental Biology","Awards",1
"theme1","Intellectual & Developmental Disabilities","SC","Developmental Biology","Funding",0.470895
"theme1","Intellectual & Developmental Disabilities","TX","Developmental Biology","Awards",9
"theme1","Intellectual & Developmental Disabilities","TX","Developmental Biology","Funding",6.400559
"theme1","Intellectual & Developmental Disabilities","UT","Developmental Biology","Awards",1
"theme1","Intellectual & Developmental Disabilities","UT","Developmental Biology","Funding",0.424655
"theme1","Intellectual & Developmental Disabilities","VA","Developmental Biology","Awards",2
"theme1","Intellectual & Developmental Disabilities","VA","Developmental Biology","Funding",0.713825
"theme1","Intellectual & Developmental Disabilities","WA","Developmental Biology","Awards",2
"theme1","Intellectual & Developmental Disabilities","WA","Developmental Biology","Funding",1.406829
"theme1","Intellectual & Developmental Disabilities","WI","Developmental Biology","Awards",5
"theme1","Intellectual & Developmental Disabilities","WI","Developmental Biology","Funding",3.549645
"theme1","Matern. & Ped. Infectious Diseases","CA","Developmental Biology","Awards",1
"theme1","Matern. & Ped. Infectious Diseases","CA","Developmental Biology","Funding",0.386408
"theme1","Matern. & Ped. Infectious Diseases","CO","Developmental Biology","Awards",1
"theme1","Matern. & Ped. Infectious Diseases","CO","Developmental Biology","Funding",2.255352
"theme1","Matern. & Ped. Infectious Diseases","IL","Developmental Biology","Awards",1
"theme1","Matern. & Ped. Infectious Diseases","IL","Developmental Biology","Funding",1.787803
"theme1","Matern. & Ped. Infectious Diseases","MI","Developmental Biology","Awards",1
"theme1","Matern. & Ped. Infectious Diseases","MI","Developmental Biology","Funding",0.618017
"theme1","Matern. & Ped. Infectious Diseases","MN","Developmental Biology","Awards",2
"theme1","Matern. & Ped. Infectious Diseases","MN","Developmental Biology","Funding",1.07438
"theme1","Matern. & Ped. Infectious Diseases","PA","Developmental Biology","Awards",1
"theme1","Matern. & Ped. Infectious Diseases","PA","Developmental Biology","Funding",0.560907
"theme1","Matern. & Ped. Infectious Diseases","TX","Developmental Biology","Awards",1
"theme1","Matern. & Ped. Infectious Diseases","TX","Developmental Biology","Funding",0.167383
"theme1","Matern. & Ped. Infectious Diseases","VA","Developmental Biology","Awards",1
"theme1","Matern. & Ped. Infectious Diseases","VA","Developmental Biology","Funding",0.041849
"theme1","Matern. & Ped. Infectious Diseases","ZZ","Developmental Biology","Awards",6
"theme1","Matern. & Ped. Infectious Diseases","ZZ","Developmental Biology","Funding",0.947711
"theme1","Natl. Ctr. for Med. Rehabilitation Res.","CA","Developmental Biology","Awards",1
"theme1","Natl. Ctr. for Med. Rehabilitation Res.","CA","Developmental Biology","Funding",0.484067
"theme1","Natl. Ctr. for Med. Rehabilitation Res.","MA","Developmental Biology","Awards",1
"theme1","Natl. Ctr. for Med. Rehabilitation Res.","MA","Developmental Biology","Funding",1.000531
"theme1","Natl. Ctr. for Med. Rehabilitation Res.","MI","Developmental Biology","Awards",1
"theme1","Natl. Ctr. for Med. Rehabilitation Res.","MI","Developmental Biology","Funding",0.569445
"theme1","Obstet. & Ped. Pharmacol. & Therap.","AR","Developmental Biology","Awards",1
"theme1","Obstet. & Ped. Pharmacol. & Therap.","AR","Developmental Biology","Funding",0.606257
"theme1","Obstet. & Ped. Pharmacol. & Therap.","CA","Developmental Biology","Awards",1
"theme1","Obstet. & Ped. Pharmacol. & Therap.","CA","Developmental Biology","Funding",0.991379
"theme1","Obstet. & Ped. Pharmacol. & Therap.","FL","Developmental Biology","Awards",1
"theme1","Obstet. & Ped. Pharmacol. & Therap.","FL","Developmental Biology","Funding",0.00139
"theme1","Obstet. & Ped. Pharmacol. & Therap.","LA","Developmental Biology","Awards",2
"theme1","Obstet. & Ped. Pharmacol. & Therap.","LA","Developmental Biology","Funding",0.592732
"theme1","Obstet. & Ped. Pharmacol. & Therap.","MA","Developmental Biology","Awards",3
"theme1","Obstet. & Ped. Pharmacol. & Therap.","MA","Developmental Biology","Funding",0.306478
"theme1","Obstet. & Ped. Pharmacol. & Therap.","MD","Developmental Biology","Awards",1
"theme1","Obstet. & Ped. Pharmacol. & Therap.","MD","Developmental Biology","Funding",0.490649
"theme1","Obstet. & Ped. Pharmacol. & Therap.","NC","Developmental Biology","Awards",1
"theme1","Obstet. & Ped. Pharmacol. & Therap.","NC","Developmental Biology","Funding",0.599666
"theme1","Obstet. & Ped. Pharmacol. & Therap.","NE","Developmental Biology","Awards",1
"theme1","Obstet. & Ped. Pharmacol. & Therap.","NE","Developmental Biology","Funding",0.503579
"theme1","Obstet. & Ped. Pharmacol. & Therap.","NY","Developmental Biology","Awards",1
"theme1","Obstet. & Ped. Pharmacol. & Therap.","NY","Developmental Biology","Funding",0.458224
"theme1","Obstet. & Ped. Pharmacol. & Therap.","TX","Developmental Biology","Awards",1
"theme1","Obstet. & Ped. Pharmacol. & Therap.","TX","Developmental Biology","Funding",0.580204
"theme1","Obstet. & Ped. Pharmacol. & Therap.","WA","Developmental Biology","Awards",1
"theme1","Obstet. & Ped. Pharmacol. & Therap.","WA","Developmental Biology","Funding",0.725965
"theme1","Pediatric Growth & Nutrition","CA","Developmental Biology","Awards",2
"theme1","Pediatric Growth & Nutrition","CA","Developmental Biology","Funding",0.761443
"theme1","Pediatric Growth & Nutrition","GA","Developmental Biology","Awards",1
"theme1","Pediatric Growth & Nutrition","GA","Developmental Biology","Funding",0.646707
"theme1","Pediatric Growth & Nutrition","IA","Developmental Biology","Awards",1
"theme1","Pediatric Growth & Nutrition","IA","Developmental Biology","Funding",0.047092
"theme1","Pediatric Growth & Nutrition","IL","Developmental Biology","Awards",1
"theme1","Pediatric Growth & Nutrition","IL","Developmental Biology","Funding",3.093055
"theme1","Pediatric Growth & Nutrition","IN","Developmental Biology","Awards",1
"theme1","Pediatric Growth & Nutrition","IN","Developmental Biology","Funding",0.153905
"theme1","Pediatric Growth & Nutrition","MA","Developmental Biology","Awards",2
"theme1","Pediatric Growth & Nutrition","MA","Developmental Biology","Funding",1.196635
"theme1","Pediatric Growth & Nutrition","MD","Developmental Biology","Awards",1
"theme1","Pediatric Growth & Nutrition","MD","Developmental Biology","Funding",0.538302
"theme1","Pediatric Growth & Nutrition","NC","Developmental Biology","Awards",4
"theme1","Pediatric Growth & Nutrition","NC","Developmental Biology","Funding",3.327409
"theme1","Pediatric Growth & Nutrition","NY","Developmental Biology","Awards",1
"theme1","Pediatric Growth & Nutrition","NY","Developmental Biology","Funding",0.205625
"theme1","Pediatric Growth & Nutrition","OH","Developmental Biology","Awards",1
"theme1","Pediatric Growth & Nutrition","OH","Developmental Biology","Funding",0.456
"theme1","Pediatric Growth & Nutrition","OK","Developmental Biology","Awards",1
"theme1","Pediatric Growth & Nutrition","OK","Developmental Biology","Funding",0.467754
"theme1","Pediatric Growth & Nutrition","OR","Developmental Biology","Awards",2
"theme1","Pediatric Growth & Nutrition","OR","Developmental Biology","Funding",1.146426
"theme1","Pediatric Growth & Nutrition","PA","Developmental Biology","Awards",2
"theme1","Pediatric Growth & Nutrition","PA","Developmental Biology","Funding",1.142085
"theme1","Pediatric Growth & Nutrition","TX","Developmental Biology","Awards",5
"theme1","Pediatric Growth & Nutrition","TX","Developmental Biology","Funding",1.098074
"theme1","Pediatric Growth & Nutrition","UT","Developmental Biology","Awards",1
"theme1","Pediatric Growth & Nutrition","UT","Developmental Biology","Funding",0.055114
"theme1","Pediatric Growth & Nutrition","VA","Developmental Biology","Awards",1
"theme1","Pediatric Growth & Nutrition","VA","Developmental Biology","Funding",0.249
"theme1","Pediatric Trauma & Critical Care","CA","Developmental Biology","Awards",1
"theme1","Pediatric Trauma & Critical Care","CA","Developmental Biology","Funding",0.453569
"theme1","Population Dynamics","GA","Developmental Biology","Awards",1
"theme1","Population Dynamics","GA","Developmental Biology","Funding",0.61077
"theme1","Population Dynamics","WI","Developmental Biology","Awards",1
"theme1","Population Dynamics","WI","Developmental Biology","Funding",0.129018
"theme1","Pregnancy & Perinatology","CA","Developmental Biology","Awards",7
"theme1","Pregnancy & Perinatology","CA","Developmental Biology","Funding",3.280297
"theme1","Pregnancy & Perinatology","CO","Developmental Biology","Awards",3
"theme1","Pregnancy & Perinatology","CO","Developmental Biology","Funding",1.274491
"theme1","Pregnancy & Perinatology","CT","Developmental Biology","Awards",2
"theme1","Pregnancy & Perinatology","CT","Developmental Biology","Funding",0.415239
"theme1","Pregnancy & Perinatology","GA","Developmental Biology","Awards",1
"theme1","Pregnancy & Perinatology","GA","Developmental Biology","Funding",0.438349
"theme1","Pregnancy & Perinatology","KS","Developmental Biology","Awards",7
"theme1","Pregnancy & Perinatology","KS","Developmental Biology","Funding",2.736887
"theme1","Pregnancy & Perinatology","MA","Developmental Biology","Awards",2
"theme1","Pregnancy & Perinatology","MA","Developmental Biology","Funding",1.054119
"theme1","Pregnancy & Perinatology","MD","Developmental Biology","Awards",2
"theme1","Pregnancy & Perinatology","MD","Developmental Biology","Funding",0.713167
"theme1","Pregnancy & Perinatology","MN","Developmental Biology","Awards",1
"theme1","Pregnancy & Perinatology","MN","Developmental Biology","Funding",0.490477
"theme1","Pregnancy & Perinatology","MO","Developmental Biology","Awards",4
"theme1","Pregnancy & Perinatology","MO","Developmental Biology","Funding",1.53758
"theme1","Pregnancy & Perinatology","NC","Developmental Biology","Awards",1
"theme1","Pregnancy & Perinatology","NC","Developmental Biology","Funding",0.410139
"theme1","Pregnancy & Perinatology","NJ","Developmental Biology","Awards",2
"theme1","Pregnancy & Perinatology","NJ","Developmental Biology","Funding",0.668657
"theme1","Pregnancy & Perinatology","NY","Developmental Biology","Awards",4
"theme1","Pregnancy & Perinatology","NY","Developmental Biology","Funding",1.508278
"theme1","Pregnancy & Perinatology","OH","Developmental Biology","Awards",2
"theme1","Pregnancy & Perinatology","OH","Developmental Biology","Funding",0.131894
"theme1","Pregnancy & Perinatology","OK","Developmental Biology","Awards",1
"theme1","Pregnancy & Perinatology","OK","Developmental Biology","Funding",0.40935
"theme1","Pregnancy & Perinatology","PA","Developmental Biology","Awards",1
"theme1","Pregnancy & Perinatology","PA","Developmental Biology","Funding",0.055114
"theme1","Pregnancy & Perinatology","TX","Developmental Biology","Awards",6
"theme1","Pregnancy & Perinatology","TX","Developmental Biology","Funding",3.033595
"theme1","Pregnancy & Perinatology","UT","Developmental Biology","Awards",1
"theme1","Pregnancy & Perinatology","UT","Developmental Biology","Funding",0.620054
"theme1","Pregnancy & Perinatology","VA","Developmental Biology","Awards",3
"theme1","Pregnancy & Perinatology","VA","Developmental Biology","Funding",2.743731
"theme1","Pregnancy & Perinatology","WA","Developmental Biology","Awards",3
"theme1","Pregnancy & Perinatology","WA","Developmental Biology","Funding",0.973675
"theme1","Pregnancy & Perinatology","WI","Developmental Biology","Awards",2
"theme1","Pregnancy & Perinatology","WI","Developmental Biology","Funding",0.80889
"theme2","Child Development & Behavior","CT","Reproductive Health","Awards",1
"theme2","Child Development & Behavior","CT","Reproductive Health","Funding",0.625912
"theme2","Child Development & Behavior","MA","Reproductive Health","Awards",1
"theme2","Child Development & Behavior","MA","Reproductive Health","Funding",0.667265
"theme2","Child Development & Behavior","MI","Reproductive Health","Awards",1
"theme2","Child Development & Behavior","MI","Reproductive Health","Funding",0.237773
"theme2","Child Development & Behavior","NY","Reproductive Health","Awards",1
"theme2","Child Development & Behavior","NY","Reproductive Health","Funding",0.589672
"theme2","Child Development & Behavior","WA","Reproductive Health","Awards",1
"theme2","Child Development & Behavior","WA","Reproductive Health","Funding",2.515828
"theme2","Dev. Biology & Congenital Anomalies","CT","Reproductive Health","Awards",2
"theme2","Dev. Biology & Congenital Anomalies","CT","Reproductive Health","Funding",0.037522
"theme2","Dev. Biology & Congenital Anomalies","ME","Reproductive Health","Awards",1
"theme2","Dev. Biology & Congenital Anomalies","ME","Reproductive Health","Funding",0.737356
"theme2","Dev. Biology & Congenital Anomalies","MI","Reproductive Health","Awards",1
"theme2","Dev. Biology & Congenital Anomalies","MI","Reproductive Health","Funding",0.632242
"theme2","Dev. Biology & Congenital Anomalies","NY","Reproductive Health","Awards",1
"theme2","Dev. Biology & Congenital Anomalies","NY","Reproductive Health","Funding",0.161579
"theme2","Dev. Biology & Congenital Anomalies","OH","Reproductive Health","Awards",2
"theme2","Dev. Biology & Congenital Anomalies","OH","Reproductive Health","Funding",1.756854
"theme2","Dev. Biology & Congenital Anomalies","TX","Reproductive Health","Awards",1
"theme2","Dev. Biology & Congenital Anomalies","TX","Reproductive Health","Funding",0.48
"theme2","Dev. Biology & Congenital Anomalies","WI","Reproductive Health","Awards",1
"theme2","Dev. Biology & Congenital Anomalies","WI","Reproductive Health","Funding",0.32766
"theme2","Fertility & Infertility","AL","Reproductive Health","Awards",1
"theme2","Fertility & Infertility","AL","Reproductive Health","Funding",0.050114
"theme2","Fertility & Infertility","AR","Reproductive Health","Awards",1
"theme2","Fertility & Infertility","AR","Reproductive Health","Funding",0.443348
"theme2","Fertility & Infertility","AZ","Reproductive Health","Awards",5
"theme2","Fertility & Infertility","AZ","Reproductive Health","Funding",2.578555
"theme2","Fertility & Infertility","CA","Reproductive Health","Awards",22
"theme2","Fertility & Infertility","CA","Reproductive Health","Funding",10.580466
"theme2","Fertility & Infertility","CO","Reproductive Health","Awards",11
"theme2","Fertility & Infertility","CO","Reproductive Health","Funding",3.73068
"theme2","Fertility & Infertility","CT","Reproductive Health","Awards",13
"theme2","Fertility & Infertility","CT","Reproductive Health","Funding",4.705035
"theme2","Fertility & Infertility","DC","Reproductive Health","Awards",1
"theme2","Fertility & Infertility","DC","Reproductive Health","Funding",0.270296
"theme2","Fertility & Infertility","DE","Reproductive Health","Awards",1
"theme2","Fertility & Infertility","DE","Reproductive Health","Funding",0.336057
"theme2","Fertility & Infertility","FL","Reproductive Health","Awards",3
"theme2","Fertility & Infertility","FL","Reproductive Health","Funding",1.045905
"theme2","Fertility & Infertility","GA","Reproductive Health","Awards",6
"theme2","Fertility & Infertility","GA","Reproductive Health","Funding",1.973492
"theme2","Fertility & Infertility","HI","Reproductive Health","Awards",2
"theme2","Fertility & Infertility","HI","Reproductive Health","Funding",0.492105
"theme2","Fertility & Infertility","IL","Reproductive Health","Awards",20
"theme2","Fertility & Infertility","IL","Reproductive Health","Funding",6.358293
"theme2","Fertility & Infertility","IN","Reproductive Health","Awards",3
"theme2","Fertility & Infertility","IN","Reproductive Health","Funding",1.015244
"theme2","Fertility & Infertility","KS","Reproductive Health","Awards",4
"theme2","Fertility & Infertility","KS","Reproductive Health","Funding",0.726876
"theme2","Fertility & Infertility","KY","Reproductive Health","Awards",5
"theme2","Fertility & Infertility","KY","Reproductive Health","Funding",1.969063
"theme2","Fertility & Infertility","MA","Reproductive Health","Awards",30
"theme2","Fertility & Infertility","MA","Reproductive Health","Funding",15.371197
"theme2","Fertility & Infertility","MD","Reproductive Health","Awards",3
"theme2","Fertility & Infertility","MD","Reproductive Health","Funding",1.201055
"theme2","Fertility & Infertility","ME","Reproductive Health","Awards",1
"theme2","Fertility & Infertility","ME","Reproductive Health","Funding",0.401093
"theme2","Fertility & Infertility","MI","Reproductive Health","Awards",22
"theme2","Fertility & Infertility","MI","Reproductive Health","Funding",9.999637
"theme2","Fertility & Infertility","MN","Reproductive Health","Awards",2
"theme2","Fertility & Infertility","MN","Reproductive Health","Funding",0.56875
"theme2","Fertility & Infertility","MO","Reproductive Health","Awards",15
"theme2","Fertility & Infertility","MO","Reproductive Health","Funding",5.283123
"theme2","Fertility & Infertility","MS","Reproductive Health","Awards",2
"theme2","Fertility & Infertility","MS","Reproductive Health","Funding",0.363797
"theme2","Fertility & Infertility","NC","Reproductive Health","Awards",11
"theme2","Fertility & Infertility","NC","Reproductive Health","Funding",5.398969
"theme2","Fertility & Infertility","NE","Reproductive Health","Awards",1
"theme2","Fertility & Infertility","NE","Reproductive Health","Funding",0.239086
"theme2","Fertility & Infertility","NH","Reproductive Health","Awards",1
"theme2","Fertility & Infertility","NH","Reproductive Health","Funding",0.45025
"theme2","Fertility & Infertility","NJ","Reproductive Health","Awards",8
"theme2","Fertility & Infertility","NJ","Reproductive Health","Funding",2.783099
"theme2","Fertility & Infertility","NM","Reproductive Health","Awards",1
"theme2","Fertility & Infertility","NM","Reproductive Health","Funding",0.543878
"theme2","Fertility & Infertility","NY","Reproductive Health","Awards",30
"theme2","Fertility & Infertility","NY","Reproductive Health","Funding",15.178636
"theme2","Fertility & Infertility","OH","Reproductive Health","Awards",9
"theme2","Fertility & Infertility","OH","Reproductive Health","Funding",3.480657
"theme2","Fertility & Infertility","OK","Reproductive Health","Awards",2
"theme2","Fertility & Infertility","OK","Reproductive Health","Funding",0.83545
"theme2","Fertility & Infertility","OR","Reproductive Health","Awards",9
"theme2","Fertility & Infertility","OR","Reproductive Health","Funding",3.288686
"theme2","Fertility & Infertility","PA","Reproductive Health","Awards",16
"theme2","Fertility & Infertility","PA","Reproductive Health","Funding",4.874796
"theme2","Fertility & Infertility","RI","Reproductive Health","Awards",3
"theme2","Fertility & Infertility","RI","Reproductive Health","Funding",0.909747
"theme2","Fertility & Infertility","SC","Reproductive Health","Awards",2
"theme2","Fertility & Infertility","SC","Reproductive Health","Funding",0.850853
"theme2","Fertility & Infertility","TX","Reproductive Health","Awards",18
"theme2","Fertility & Infertility","TX","Reproductive Health","Funding",7.498915
"theme2","Fertility & Infertility","UT","Reproductive Health","Awards",9
"theme2","Fertility & Infertility","UT","Reproductive Health","Funding",4.087133
"theme2","Fertility & Infertility","VA","Reproductive Health","Awards",4
"theme2","Fertility & Infertility","VA","Reproductive Health","Funding",1.571475
"theme2","Fertility & Infertility","VT","Reproductive Health","Awards",2
"theme2","Fertility & Infertility","VT","Reproductive Health","Funding",0.876921
"theme2","Fertility & Infertility","WA","Reproductive Health","Awards",2
"theme2","Fertility & Infertility","WA","Reproductive Health","Funding",0.811942
"theme2","Fertility & Infertility","WI","Reproductive Health","Awards",6
"theme2","Fertility & Infertility","WI","Reproductive Health","Funding",1.794168
"theme2","Fertility & Infertility","WY","Reproductive Health","Awards",2
"theme2","Fertility & Infertility","WY","Reproductive Health","Funding",0.7225
"theme2","Fertility & Infertility","ZZ","Reproductive Health","Awards",1
"theme2","Fertility & Infertility","ZZ","Reproductive Health","Funding",0.362371
"theme2","Gynecologic Health & Disease","AZ","Reproductive Health","Awards",2
"theme2","Gynecologic Health & Disease","AZ","Reproductive Health","Funding",0.615246
"theme2","Gynecologic Health & Disease","CA","Reproductive Health","Awards",22
"theme2","Gynecologic Health & Disease","CA","Reproductive Health","Funding",11.723008
"theme2","Gynecologic Health & Disease","CO","Reproductive Health","Awards",3
"theme2","Gynecologic Health & Disease","CO","Reproductive Health","Funding",1.282089
"theme2","Gynecologic Health & Disease","CT","Reproductive Health","Awards",7
"theme2","Gynecologic Health & Disease","CT","Reproductive Health","Funding",4.325586
"theme2","Gynecologic Health & Disease","DE","Reproductive Health","Awards",1
"theme2","Gynecologic Health & Disease","DE","Reproductive Health","Funding",0.430063
"theme2","Gynecologic Health & Disease","FL","Reproductive Health","Awards",2
"theme2","Gynecologic Health & Disease","FL","Reproductive Health","Funding",0.631276
"theme2","Gynecologic Health & Disease","GA","Reproductive Health","Awards",3
"theme2","Gynecologic Health & Disease","GA","Reproductive Health","Funding",1.350196
"theme2","Gynecologic Health & Disease","IL","Reproductive Health","Awards",9
"theme2","Gynecologic Health & Disease","IL","Reproductive Health","Funding",7.008161
"theme2","Gynecologic Health & Disease","IN","Reproductive Health","Awards",1
"theme2","Gynecologic Health & Disease","IN","Reproductive Health","Funding",0.627031
"theme2","Gynecologic Health & Disease","KS","Reproductive Health","Awards",2
"theme2","Gynecologic Health & Disease","KS","Reproductive Health","Funding",1.136452
"theme2","Gynecologic Health & Disease","MA","Reproductive Health","Awards",10
"theme2","Gynecologic Health & Disease","MA","Reproductive Health","Funding",10.525463
"theme2","Gynecologic Health & Disease","MD","Reproductive Health","Awards",3
"theme2","Gynecologic Health & Disease","MD","Reproductive Health","Funding",1.839608
"theme2","Gynecologic Health & Disease","MI","Reproductive Health","Awards",18
"theme2","Gynecologic Health & Disease","MI","Reproductive Health","Funding",12.148281
"theme2","Gynecologic Health & Disease","MN","Reproductive Health","Awards",3
"theme2","Gynecologic Health & Disease","MN","Reproductive Health","Funding",2.083783
"theme2","Gynecologic Health & Disease","MO","Reproductive Health","Awards",6
"theme2","Gynecologic Health & Disease","MO","Reproductive Health","Funding",2.260781
"theme2","Gynecologic Health & Disease","NC","Reproductive Health","Awards",8
"theme2","Gynecologic Health & Disease","NC","Reproductive Health","Funding",6.313814
"theme2","Gynecologic Health & Disease","NH","Reproductive Health","Awards",1
"theme2","Gynecologic Health & Disease","NH","Reproductive Health","Funding",0.995757
"theme2","Gynecologic Health & Disease","NY","Reproductive Health","Awards",3
"theme2","Gynecologic Health & Disease","NY","Reproductive Health","Funding",0.890913
"theme2","Gynecologic Health & Disease","OH","Reproductive Health","Awards",2
"theme2","Gynecologic Health & Disease","OH","Reproductive Health","Funding",1.385034
"theme2","Gynecologic Health & Disease","OR","Reproductive Health","Awards",6
"theme2","Gynecologic Health & Disease","OR","Reproductive Health","Funding",3.323903
"theme2","Gynecologic Health & Disease","PA","Reproductive Health","Awards",8
"theme2","Gynecologic Health & Disease","PA","Reproductive Health","Funding",4.253289
"theme2","Gynecologic Health & Disease","RI","Reproductive Health","Awards",1
"theme2","Gynecologic Health & Disease","RI","Reproductive Health","Funding",0.295215
"theme2","Gynecologic Health & Disease","TN","Reproductive Health","Awards",1
"theme2","Gynecologic Health & Disease","TN","Reproductive Health","Funding",0.672026
"theme2","Gynecologic Health & Disease","TX","Reproductive Health","Awards",22
"theme2","Gynecologic Health & Disease","TX","Reproductive Health","Funding",11.299456
"theme2","Gynecologic Health & Disease","UT","Reproductive Health","Awards",3
"theme2","Gynecologic Health & Disease","UT","Reproductive Health","Funding",1.761665
"theme2","Gynecologic Health & Disease","VA","Reproductive Health","Awards",1
"theme2","Gynecologic Health & Disease","VA","Reproductive Health","Funding",1.077116
"theme2","Gynecologic Health & Disease","VT","Reproductive Health","Awards",1
"theme2","Gynecologic Health & Disease","VT","Reproductive Health","Funding",0.01
"theme2","Gynecologic Health & Disease","WA","Reproductive Health","Awards",6
"theme2","Gynecologic Health & Disease","WA","Reproductive Health","Funding",4.098715
"theme2","Intellectual & Developmental Disabilities","CA","Reproductive Health","Awards",2
"theme2","Intellectual & Developmental Disabilities","CA","Reproductive Health","Funding",0.947063
"theme2","Intellectual & Developmental Disabilities","CO","Reproductive Health","Awards",1
"theme2","Intellectual & Developmental Disabilities","CO","Reproductive Health","Funding",1.757145
"theme2","Intellectual & Developmental Disabilities","GA","Reproductive Health","Awards",2
"theme2","Intellectual & Developmental Disabilities","GA","Reproductive Health","Funding",0.743564
"theme2","Intellectual & Developmental Disabilities","MA","Reproductive Health","Awards",3
"theme2","Intellectual & Developmental Disabilities","MA","Reproductive Health","Funding",1.164158
"theme2","Intellectual & Developmental Disabilities","MI","Reproductive Health","Awards",2
"theme2","Intellectual & Developmental Disabilities","MI","Reproductive Health","Funding",0.599935
"theme2","Intellectual & Developmental Disabilities","NC","Reproductive Health","Awards",1
"theme2","Intellectual & Developmental Disabilities","NC","Reproductive Health","Funding",0.383492
"theme2","Intellectual & Developmental Disabilities","NJ","Reproductive Health","Awards",1
"theme2","Intellectual & Developmental Disabilities","NJ","Reproductive Health","Funding",1.958456
"theme2","Intellectual & Developmental Disabilities","TN","Reproductive Health","Awards",1
"theme2","Intellectual & Developmental Disabilities","TN","Reproductive Health","Funding",0.450424
"theme2","Intellectual & Developmental Disabilities","VA","Reproductive Health","Awards",1
"theme2","Intellectual & Developmental Disabilities","VA","Reproductive Health","Funding",0.045988
"theme2","Matern. & Ped. Infectious Diseases","CA","Reproductive Health","Awards",2
"theme2","Matern. & Ped. Infectious Diseases","CA","Reproductive Health","Funding",0.557051
"theme2","Matern. & Ped. Infectious Diseases","CO","Reproductive Health","Awards",1
"theme2","Matern. & Ped. Infectious Diseases","CO","Reproductive Health","Funding",0.615511
"theme2","Matern. & Ped. Infectious Diseases","CT","Reproductive Health","Awards",1
"theme2","Matern. & Ped. Infectious Diseases","CT","Reproductive Health","Funding",0.125625
"theme2","Matern. & Ped. Infectious Diseases","FL","Reproductive Health","Awards",2
"theme2","Matern. & Ped. Infectious Diseases","FL","Reproductive Health","Funding",11.460775
"theme2","Matern. & Ped. Infectious Diseases","GA","Reproductive Health","Awards",1
"theme2","Matern. & Ped. Infectious Diseases","GA","Reproductive Health","Funding",0.609863
"theme2","Matern. & Ped. Infectious Diseases","MA","Reproductive Health","Awards",1
"theme2","Matern. & Ped. Infectious Diseases","MA","Reproductive Health","Funding",8.071214
"theme2","Matern. & Ped. Infectious Diseases","MD","Reproductive Health","Awards",3
"theme2","Matern. & Ped. Infectious Diseases","MD","Reproductive Health","Funding",0.338384
"theme2","Matern. & Ped. Infectious Diseases","MO","Reproductive Health","Awards",1
"theme2","Matern. & Ped. Infectious Diseases","MO","Reproductive Health","Funding",0.999056
"theme2","Matern. & Ped. Infectious Diseases","PA","Reproductive Health","Awards",1
"theme2","Matern. & Ped. Infectious Diseases","PA","Reproductive Health","Funding",0.628534
"theme2","Matern. & Ped. Infectious Diseases","TX","Reproductive Health","Awards",1
"theme2","Matern. & Ped. Infectious Diseases","TX","Reproductive Health","Funding",0.050114
"theme2","Matern. & Ped. Infectious Diseases","WA","Reproductive Health","Awards",6
"theme2","Matern. & Ped. Infectious Diseases","WA","Reproductive Health","Funding",3.858681
"theme2","Natl. Ctr. for Med. Rehabilitation Res.","TX","Reproductive Health","Awards",1
"theme2","Natl. Ctr. for Med. Rehabilitation Res.","TX","Reproductive Health","Funding",0.641262
"theme2","Obstet. & Ped. Pharmacol. & Therap.","CO","Reproductive Health","Awards",1
"theme2","Obstet. & Ped. Pharmacol. & Therap.","CO","Reproductive Health","Funding",0.418315
"theme2","Obstet. & Ped. Pharmacol. & Therap.","FL","Reproductive Health","Awards",1
"theme2","Obstet. & Ped. Pharmacol. & Therap.","FL","Reproductive Health","Funding",0.477998
"theme2","Obstet. & Ped. Pharmacol. & Therap.","NC","Reproductive Health","Awards",2
"theme2","Obstet. & Ped. Pharmacol. & Therap.","NC","Reproductive Health","Funding",0.702133
"theme2","Pediatric Growth & Nutrition","CA","Reproductive Health","Awards",4
"theme2","Pediatric Growth & Nutrition","CA","Reproductive Health","Funding",3.409199
"theme2","Pediatric Growth & Nutrition","DC","Reproductive Health","Awards",1
"theme2","Pediatric Growth & Nutrition","DC","Reproductive Health","Funding",0.1615
"theme2","Pediatric Growth & Nutrition","IL","Reproductive Health","Awards",1
"theme2","Pediatric Growth & Nutrition","IL","Reproductive Health","Funding",2.376156
"theme2","Pediatric Growth & Nutrition","MA","Reproductive Health","Awards",8
"theme2","Pediatric Growth & Nutrition","MA","Reproductive Health","Funding",7.053551
"theme2","Pediatric Growth & Nutrition","MN","Reproductive Health","Awards",1
"theme2","Pediatric Growth & Nutrition","MN","Reproductive Health","Funding",0.659035
"theme2","Pediatric Growth & Nutrition","NC","Reproductive Health","Awards",2
"theme2","Pediatric Growth & Nutrition","NC","Reproductive Health","Funding",1.1101
"theme2","Pediatric Growth & Nutrition","NJ","Reproductive Health","Awards",1
"theme2","Pediatric Growth & Nutrition","NJ","Reproductive Health","Funding",0.249
"theme2","Pediatric Growth & Nutrition","OR","Reproductive Health","Awards",2
"theme2","Pediatric Growth & Nutrition","OR","Reproductive Health","Funding",1.162952
"theme2","Pediatric Growth & Nutrition","PA","Reproductive Health","Awards",1
"theme2","Pediatric Growth & Nutrition","PA","Reproductive Health","Funding",0.055114
"theme2","Pediatric Growth & Nutrition","TX","Reproductive Health","Awards",1
"theme2","Pediatric Growth & Nutrition","TX","Reproductive Health","Funding",0.442005
"theme2","Pediatric Growth & Nutrition","UT","Reproductive Health","Awards",1
"theme2","Pediatric Growth & Nutrition","UT","Reproductive Health","Funding",0.04029
"theme2","Pediatric Growth & Nutrition","VA","Reproductive Health","Awards",1
"theme2","Pediatric Growth & Nutrition","VA","Reproductive Health","Funding",0.692843
"theme2","Pediatric Growth & Nutrition","WA","Reproductive Health","Awards",2
"theme2","Pediatric Growth & Nutrition","WA","Reproductive Health","Funding",0.693066
"theme2","Pediatric Growth & Nutrition","WI","Reproductive Health","Awards",1
"theme2","Pediatric Growth & Nutrition","WI","Reproductive Health","Funding",0.35971
"theme2","Pediatric Trauma & Critical Care","MA","Reproductive Health","Awards",1
"theme2","Pediatric Trauma & Critical Care","MA","Reproductive Health","Funding",0.210565
"theme2","Pediatric Trauma & Critical Care","MD","Reproductive Health","Awards",1
"theme2","Pediatric Trauma & Critical Care","MD","Reproductive Health","Funding",0.210557
"theme2","Population Dynamics","CA","Reproductive Health","Awards",11
"theme2","Population Dynamics","CA","Reproductive Health","Funding",5.097442
"theme2","Population Dynamics","CO","Reproductive Health","Awards",4
"theme2","Population Dynamics","CO","Reproductive Health","Funding",1.85812
"theme2","Population Dynamics","DC","Reproductive Health","Awards",1
"theme2","Population Dynamics","DC","Reproductive Health","Funding",0.154312
"theme2","Population Dynamics","GA","Reproductive Health","Awards",1
"theme2","Population Dynamics","GA","Reproductive Health","Funding",0.61077
"theme2","Population Dynamics","IL","Reproductive Health","Awards",1
"theme2","Population Dynamics","IL","Reproductive Health","Funding",0.656279
"theme2","Population Dynamics","IN","Reproductive Health","Awards",2
"theme2","Population Dynamics","IN","Reproductive Health","Funding",0.309241
"theme2","Population Dynamics","MA","Reproductive Health","Awards",6
"theme2","Population Dynamics","MA","Reproductive Health","Funding",2.466569
"theme2","Population Dynamics","MD","Reproductive Health","Awards",10
"theme2","Population Dynamics","MD","Reproductive Health","Funding",3.033309
"theme2","Population Dynamics","MI","Reproductive Health","Awards",8
"theme2","Population Dynamics","MI","Reproductive Health","Funding",4.057188
"theme2","Population Dynamics","MN","Reproductive Health","Awards",13
"theme2","Population Dynamics","MN","Reproductive Health","Funding",4.799872
"theme2","Population Dynamics","NC","Reproductive Health","Awards",3
"theme2","Population Dynamics","NC","Reproductive Health","Funding",0.385711
"theme2","Population Dynamics","NY","Reproductive Health","Awards",2
"theme2","Population Dynamics","NY","Reproductive Health","Funding",0.288947
"theme2","Population Dynamics","OR","Reproductive Health","Awards",1
"theme2","Population Dynamics","OR","Reproductive Health","Funding",0.140188
"theme2","Population Dynamics","PA","Reproductive Health","Awards",8
"theme2","Population Dynamics","PA","Reproductive Health","Funding",3.753003
"theme2","Population Dynamics","RI","Reproductive Health","Awards",2
"theme2","Population Dynamics","RI","Reproductive Health","Funding",0.488163
"theme2","Population Dynamics","TN","Reproductive Health","Awards",1
"theme2","Population Dynamics","TN","Reproductive Health","Funding",0.188974
"theme2","Population Dynamics","UT","Reproductive Health","Awards",1
"theme2","Population Dynamics","UT","Reproductive Health","Funding",0.157855
"theme2","Population Dynamics","WA","Reproductive Health","Awards",3
"theme2","Population Dynamics","WA","Reproductive Health","Funding",0.940191
"theme2","Population Dynamics","WI","Reproductive Health","Awards",6
"theme2","Population Dynamics","WI","Reproductive Health","Funding",1.458934
"theme2","Pregnancy & Perinatology","CA","Reproductive Health","Awards",7
"theme2","Pregnancy & Perinatology","CA","Reproductive Health","Funding",2.59435
"theme2","Pregnancy & Perinatology","CO","Reproductive Health","Awards",1
"theme2","Pregnancy & Perinatology","CO","Reproductive Health","Funding",0.4235
"theme2","Pregnancy & Perinatology","CT","Reproductive Health","Awards",5
"theme2","Pregnancy & Perinatology","CT","Reproductive Health","Funding",1.818024
"theme2","Pregnancy & Perinatology","GA","Reproductive Health","Awards",2
"theme2","Pregnancy & Perinatology","GA","Reproductive Health","Funding",1.093458
"theme2","Pregnancy & Perinatology","IN","Reproductive Health","Awards",1
"theme2","Pregnancy & Perinatology","IN","Reproductive Health","Funding",0.435875
"theme2","Pregnancy & Perinatology","KS","Reproductive Health","Awards",5
"theme2","Pregnancy & Perinatology","KS","Reproductive Health","Funding",1.879934
"theme2","Pregnancy & Perinatology","MA","Reproductive Health","Awards",2
"theme2","Pregnancy & Perinatology","MA","Reproductive Health","Funding",1.950779
"theme2","Pregnancy & Perinatology","MD","Reproductive Health","Awards",1
"theme2","Pregnancy & Perinatology","MD","Reproductive Health","Funding",0.608481
"theme2","Pregnancy & Perinatology","MI","Reproductive Health","Awards",2
"theme2","Pregnancy & Perinatology","MI","Reproductive Health","Funding",0.808723
"theme2","Pregnancy & Perinatology","MN","Reproductive Health","Awards",1
"theme2","Pregnancy & Perinatology","MN","Reproductive Health","Funding",0.62162
"theme2","Pregnancy & Perinatology","MO","Reproductive Health","Awards",7
"theme2","Pregnancy & Perinatology","MO","Reproductive Health","Funding",2.362394
"theme2","Pregnancy & Perinatology","NC","Reproductive Health","Awards",3
"theme2","Pregnancy & Perinatology","NC","Reproductive Health","Funding",1.002668
"theme2","Pregnancy & Perinatology","NY","Reproductive Health","Awards",3
"theme2","Pregnancy & Perinatology","NY","Reproductive Health","Funding",1.41243
"theme2","Pregnancy & Perinatology","OH","Reproductive Health","Awards",3
"theme2","Pregnancy & Perinatology","OH","Reproductive Health","Funding",1.709226
"theme2","Pregnancy & Perinatology","OK","Reproductive Health","Awards",1
"theme2","Pregnancy & Perinatology","OK","Reproductive Health","Funding",0.155
"theme2","Pregnancy & Perinatology","OR","Reproductive Health","Awards",5
"theme2","Pregnancy & Perinatology","OR","Reproductive Health","Funding",2.432698
"theme2","Pregnancy & Perinatology","PA","Reproductive Health","Awards",8
"theme2","Pregnancy & Perinatology","PA","Reproductive Health","Funding",3.768833
"theme2","Pregnancy & Perinatology","TX","Reproductive Health","Awards",7
"theme2","Pregnancy & Perinatology","TX","Reproductive Health","Funding",2.70296
"theme2","Pregnancy & Perinatology","WA","Reproductive Health","Awards",1
"theme2","Pregnancy & Perinatology","WA","Reproductive Health","Funding",0.031737
"theme2","Pregnancy & Perinatology","WI","Reproductive Health","Awards",2
"theme2","Pregnancy & Perinatology","WI","Reproductive Health","Funding",1.170069
"theme3","Child Development & Behavior","AZ","Pregnancy","Awards",1
"theme3","Child Development & Behavior","AZ","Pregnancy","Funding",0.45721
"theme3","Child Development & Behavior","CA","Pregnancy","Awards",6
"theme3","Child Development & Behavior","CA","Pregnancy","Funding",2.365565
"theme3","Child Development & Behavior","CO","Pregnancy","Awards",2
"theme3","Child Development & Behavior","CO","Pregnancy","Funding",0.674537
"theme3","Child Development & Behavior","CT","Pregnancy","Awards",1
"theme3","Child Development & Behavior","CT","Pregnancy","Funding",0.55774
"theme3","Child Development & Behavior","DC","Pregnancy","Awards",1
"theme3","Child Development & Behavior","DC","Pregnancy","Funding",0.71297
"theme3","Child Development & Behavior","FL","Pregnancy","Awards",1
"theme3","Child Development & Behavior","FL","Pregnancy","Funding",0.540865
"theme3","Child Development & Behavior","GA","Pregnancy","Awards",1
"theme3","Child Development & Behavior","GA","Pregnancy","Funding",0.639857
"theme3","Child Development & Behavior","IA","Pregnancy","Awards",3
"theme3","Child Development & Behavior","IA","Pregnancy","Funding",1.615607
"theme3","Child Development & Behavior","IL","Pregnancy","Awards",1
"theme3","Child Development & Behavior","IL","Pregnancy","Funding",0.617584
"theme3","Child Development & Behavior","MA","Pregnancy","Awards",2
"theme3","Child Development & Behavior","MA","Pregnancy","Funding",1.43151
"theme3","Child Development & Behavior","MI","Pregnancy","Awards",5
"theme3","Child Development & Behavior","MI","Pregnancy","Funding",1.883584
"theme3","Child Development & Behavior","MO","Pregnancy","Awards",1
"theme3","Child Development & Behavior","MO","Pregnancy","Funding",0.036673
"theme3","Child Development & Behavior","NY","Pregnancy","Awards",7
"theme3","Child Development & Behavior","NY","Pregnancy","Funding",2.296892
"theme3","Child Development & Behavior","PA","Pregnancy","Awards",2
"theme3","Child Development & Behavior","PA","Pregnancy","Funding",2.496338
"theme3","Child Development & Behavior","RI","Pregnancy","Awards",2
"theme3","Child Development & Behavior","RI","Pregnancy","Funding",1.050488
"theme3","Child Development & Behavior","SC","Pregnancy","Awards",2
"theme3","Child Development & Behavior","SC","Pregnancy","Funding",0.292678
"theme3","Child Development & Behavior","TN","Pregnancy","Awards",1
"theme3","Child Development & Behavior","TN","Pregnancy","Funding",0.42075
"theme3","Child Development & Behavior","TX","Pregnancy","Awards",1
"theme3","Child Development & Behavior","TX","Pregnancy","Funding",0.597736
"theme3","Dev. Biology & Congenital Anomalies","CA","Pregnancy","Awards",5
"theme3","Dev. Biology & Congenital Anomalies","CA","Pregnancy","Funding",1.800747
"theme3","Dev. Biology & Congenital Anomalies","CO","Pregnancy","Awards",1
"theme3","Dev. Biology & Congenital Anomalies","CO","Pregnancy","Funding",0.043652
"theme3","Dev. Biology & Congenital Anomalies","CT","Pregnancy","Awards",2
"theme3","Dev. Biology & Congenital Anomalies","CT","Pregnancy","Funding",0.037522
"theme3","Dev. Biology & Congenital Anomalies","HI","Pregnancy","Awards",1
"theme3","Dev. Biology & Congenital Anomalies","HI","Pregnancy","Funding",0.1565
"theme3","Dev. Biology & Congenital Anomalies","MA","Pregnancy","Awards",1
"theme3","Dev. Biology & Congenital Anomalies","MA","Pregnancy","Funding",0.711287
"theme3","Dev. Biology & Congenital Anomalies","MD","Pregnancy","Awards",2
"theme3","Dev. Biology & Congenital Anomalies","MD","Pregnancy","Funding",1.320035
"theme3","Dev. Biology & Congenital Anomalies","MO","Pregnancy","Awards",2
"theme3","Dev. Biology & Congenital Anomalies","MO","Pregnancy","Funding",0.94751
"theme3","Dev. Biology & Congenital Anomalies","NC","Pregnancy","Awards",1
"theme3","Dev. Biology & Congenital Anomalies","NC","Pregnancy","Funding",0.421067
"theme3","Dev. Biology & Congenital Anomalies","NJ","Pregnancy","Awards",3
"theme3","Dev. Biology & Congenital Anomalies","NJ","Pregnancy","Funding",2.381894
"theme3","Dev. Biology & Congenital Anomalies","NY","Pregnancy","Awards",1
"theme3","Dev. Biology & Congenital Anomalies","NY","Pregnancy","Funding",0.581518
"theme3","Dev. Biology & Congenital Anomalies","OH","Pregnancy","Awards",1
"theme3","Dev. Biology & Congenital Anomalies","OH","Pregnancy","Funding",0.474878
"theme3","Dev. Biology & Congenital Anomalies","TX","Pregnancy","Awards",1
"theme3","Dev. Biology & Congenital Anomalies","TX","Pregnancy","Funding",0.049538
"theme3","Dev. Biology & Congenital Anomalies","VA","Pregnancy","Awards",1
"theme3","Dev. Biology & Congenital Anomalies","VA","Pregnancy","Funding",0.01
"theme3","Dev. Biology & Congenital Anomalies","WA","Pregnancy","Awards",1
"theme3","Dev. Biology & Congenital Anomalies","WA","Pregnancy","Funding",1.5885
"theme3","Fertility & Infertility","AL","Pregnancy","Awards",1
"theme3","Fertility & Infertility","AL","Pregnancy","Funding",0.050114
"theme3","Fertility & Infertility","CA","Pregnancy","Awards",8
"theme3","Fertility & Infertility","CA","Pregnancy","Funding",6.685027
"theme3","Fertility & Infertility","CO","Pregnancy","Awards",1
"theme3","Fertility & Infertility","CO","Pregnancy","Funding",0.041759
"theme3","Fertility & Infertility","CT","Pregnancy","Awards",2
"theme3","Fertility & Infertility","CT","Pregnancy","Funding",1.516933
"theme3","Fertility & Infertility","FL","Pregnancy","Awards",1
"theme3","Fertility & Infertility","FL","Pregnancy","Funding",0.419375
"theme3","Fertility & Infertility","GA","Pregnancy","Awards",6
"theme3","Fertility & Infertility","GA","Pregnancy","Funding",1.579539
"theme3","Fertility & Infertility","IL","Pregnancy","Awards",1
"theme3","Fertility & Infertility","IL","Pregnancy","Funding",0.3916
"theme3","Fertility & Infertility","IN","Pregnancy","Awards",1
"theme3","Fertility & Infertility","IN","Pregnancy","Funding",0.31796
"theme3","Fertility & Infertility","KS","Pregnancy","Awards",3
"theme3","Fertility & Infertility","KS","Pregnancy","Funding",1.081537
"theme3","Fertility & Infertility","MA","Pregnancy","Awards",7
"theme3","Fertility & Infertility","MA","Pregnancy","Funding",3.344682
"theme3","Fertility & Infertility","MI","Pregnancy","Awards",5
"theme3","Fertility & Infertility","MI","Pregnancy","Funding",1.758974
"theme3","Fertility & Infertility","MO","Pregnancy","Awards",3
"theme3","Fertility & Infertility","MO","Pregnancy","Funding",1.11036
"theme3","Fertility & Infertility","NC","Pregnancy","Awards",3
"theme3","Fertility & Infertility","NC","Pregnancy","Funding",1.742995
"theme3","Fertility & Infertility","NH","Pregnancy","Awards",1
"theme3","Fertility & Infertility","NH","Pregnancy","Funding",0.45025
"theme3","Fertility & Infertility","NJ","Pregnancy","Awards",1
"theme3","Fertility & Infertility","NJ","Pregnancy","Funding",0.333284
"theme3","Fertility & Infertility","NY","Pregnancy","Awards",3
"theme3","Fertility & Infertility","NY","Pregnancy","Funding",1.24598
"theme3","Fertility & Infertility","OH","Pregnancy","Awards",1
"theme3","Fertility & Infertility","OH","Pregnancy","Funding",0.439064
"theme3","Fertility & Infertility","OR","Pregnancy","Awards",3
"theme3","Fertility & Infertility","OR","Pregnancy","Funding",1.613978
"theme3","Fertility & Infertility","PA","Pregnancy","Awards",5
"theme3","Fertility & Infertility","PA","Pregnancy","Funding",2.732975
"theme3","Fertility & Infertility","TN","Pregnancy","Awards",1
"theme3","Fertility & Infertility","TN","Pregnancy","Funding",0.241549
"theme3","Fertility & Infertility","TX","Pregnancy","Awards",5
"theme3","Fertility & Infertility","TX","Pregnancy","Funding",1.725041
"theme3","Fertility & Infertility","UT","Pregnancy","Awards",2
"theme3","Fertility & Infertility","UT","Pregnancy","Funding",0.822975
"theme3","Fertility & Infertility","VT","Pregnancy","Awards",1
"theme3","Fertility & Infertility","VT","Pregnancy","Funding",0.440918
"theme3","Fertility & Infertility","WA","Pregnancy","Awards",1
"theme3","Fertility & Infertility","WA","Pregnancy","Funding",0.555944
"theme3","Fertility & Infertility","WI","Pregnancy","Awards",2
"theme3","Fertility & Infertility","WI","Pregnancy","Funding",1.261082
"theme3","Gynecologic Health & Disease","CA","Pregnancy","Awards",3
"theme3","Gynecologic Health & Disease","CA","Pregnancy","Funding",0.780571
"theme3","Gynecologic Health & Disease","CO","Pregnancy","Awards",1
"theme3","Gynecologic Health & Disease","CO","Pregnancy","Funding",0.64059
"theme3","Gynecologic Health & Disease","CT","Pregnancy","Awards",1
"theme3","Gynecologic Health & Disease","CT","Pregnancy","Funding",0.55483
"theme3","Gynecologic Health & Disease","GA","Pregnancy","Awards",1
"theme3","Gynecologic Health & Disease","GA","Pregnancy","Funding",0.54677
"theme3","Gynecologic Health & Disease","IL","Pregnancy","Awards",1
"theme3","Gynecologic Health & Disease","IL","Pregnancy","Funding",0.340199
"theme3","Gynecologic Health & Disease","MD","Pregnancy","Awards",2
"theme3","Gynecologic Health & Disease","MD","Pregnancy","Funding",1.062149
"theme3","Gynecologic Health & Disease","NY","Pregnancy","Awards",1
"theme3","Gynecologic Health & Disease","NY","Pregnancy","Funding",0.643816
"theme3","Gynecologic Health & Disease","TX","Pregnancy","Awards",1
"theme3","Gynecologic Health & Disease","TX","Pregnancy","Funding",0.248999
"theme3","Gynecologic Health & Disease","UT","Pregnancy","Awards",1
"theme3","Gynecologic Health & Disease","UT","Pregnancy","Funding",0.564266
"theme3","Gynecologic Health & Disease","VT","Pregnancy","Awards",1
"theme3","Gynecologic Health & Disease","VT","Pregnancy","Funding",0.01
"theme3","Intellectual & Developmental Disabilities","CA","Pregnancy","Awards",6
"theme3","Intellectual & Developmental Disabilities","CA","Pregnancy","Funding",3.130679
"theme3","Intellectual & Developmental Disabilities","CO","Pregnancy","Awards",3
"theme3","Intellectual & Developmental Disabilities","CO","Pregnancy","Funding",1.139272
"theme3","Intellectual & Developmental Disabilities","IA","Pregnancy","Awards",1
"theme3","Intellectual & Developmental Disabilities","IA","Pregnancy","Funding",0.65789
"theme3","Intellectual & Developmental Disabilities","MA","Pregnancy","Awards",4
"theme3","Intellectual & Developmental Disabilities","MA","Pregnancy","Funding",1.485683
"theme3","Intellectual & Developmental Disabilities","MI","Pregnancy","Awards",1
"theme3","Intellectual & Developmental Disabilities","MI","Pregnancy","Funding",0.528
"theme3","Intellectual & Developmental Disabilities","MN","Pregnancy","Awards",1
"theme3","Intellectual & Developmental Disabilities","MN","Pregnancy","Funding",0.036222
"theme3","Intellectual & Developmental Disabilities","MO","Pregnancy","Awards",2
"theme3","Intellectual & Developmental Disabilities","MO","Pregnancy","Funding",0.746795
"theme3","Intellectual & Developmental Disabilities","NC","Pregnancy","Awards",2
"theme3","Intellectual & Developmental Disabilities","NC","Pregnancy","Funding",0.783769
"theme3","Intellectual & Developmental Disabilities","NJ","Pregnancy","Awards",1
"theme3","Intellectual & Developmental Disabilities","NJ","Pregnancy","Funding",1.958456
"theme3","Intellectual & Developmental Disabilities","NY","Pregnancy","Awards",3
"theme3","Intellectual & Developmental Disabilities","NY","Pregnancy","Funding",1.826165
"theme3","Intellectual & Developmental Disabilities","RI","Pregnancy","Awards",1
"theme3","Intellectual & Developmental Disabilities","RI","Pregnancy","Funding",0.724504
"theme3","Intellectual & Developmental Disabilities","SC","Pregnancy","Awards",1
"theme3","Intellectual & Developmental Disabilities","SC","Pregnancy","Funding",0.02421
"theme3","Intellectual & Developmental Disabilities","TX","Pregnancy","Awards",3
"theme3","Intellectual & Developmental Disabilities","TX","Pregnancy","Funding",0.878102
"theme3","Intellectual & Developmental Disabilities","WI","Pregnancy","Awards",1
"theme3","Intellectual & Developmental Disabilities","WI","Pregnancy","Funding",0.436087
"theme3","Matern. & Ped. Infectious Diseases","AL","Pregnancy","Awards",2
"theme3","Matern. & Ped. Infectious Diseases","AL","Pregnancy","Funding",0.687621
"theme3","Matern. & Ped. Infectious Diseases","CA","Pregnancy","Awards",10
"theme3","Matern. & Ped. Infectious Diseases","CA","Pregnancy","Funding",3.36268
"theme3","Matern. & Ped. Infectious Diseases","CO","Pregnancy","Awards",2
"theme3","Matern. & Ped. Infectious Diseases","CO","Pregnancy","Funding",2.870863
"theme3","Matern. & Ped. Infectious Diseases","CT","Pregnancy","Awards",1
"theme3","Matern. & Ped. Infectious Diseases","CT","Pregnancy","Funding",2.534393
"theme3","Matern. & Ped. Infectious Diseases","IL","Pregnancy","Awards",5
"theme3","Matern. & Ped. Infectious Diseases","IL","Pregnancy","Funding",5.542147
"theme3","Matern. & Ped. Infectious Diseases","IN","Pregnancy","Awards",4
"theme3","Matern. & Ped. Infectious Diseases","IN","Pregnancy","Funding",1.055571
"theme3","Matern. & Ped. Infectious Diseases","LA","Pregnancy","Awards",1
"theme3","Matern. & Ped. Infectious Diseases","LA","Pregnancy","Funding",0.786987
"theme3","Matern. & Ped. Infectious Diseases","MA","Pregnancy","Awards",21
"theme3","Matern. & Ped. Infectious Diseases","MA","Pregnancy","Funding",16.382207
"theme3","Matern. & Ped. Infectious Diseases","MD","Pregnancy","Awards",6
"theme3","Matern. & Ped. Infectious Diseases","MD","Pregnancy","Funding",1.355649
"theme3","Matern. & Ped. Infectious Diseases","MI","Pregnancy","Awards",2
"theme3","Matern. & Ped. Infectious Diseases","MI","Pregnancy","Funding",0.991091
"theme3","Matern. & Ped. Infectious Diseases","MN","Pregnancy","Awards",3
"theme3","Matern. & Ped. Infectious Diseases","MN","Pregnancy","Funding",1.342298
"theme3","Matern. & Ped. Infectious Diseases","NC","Pregnancy","Awards",2
"theme3","Matern. & Ped. Infectious Diseases","NC","Pregnancy","Funding",2.308185
"theme3","Matern. & Ped. Infectious Diseases","NE","Pregnancy","Awards",2
"theme3","Matern. & Ped. Infectious Diseases","NE","Pregnancy","Funding",0.98943
"theme3","Matern. & Ped. Infectious Diseases","NY","Pregnancy","Awards",9
"theme3","Matern. & Ped. Infectious Diseases","NY","Pregnancy","Funding",4.452181
"theme3","Matern. & Ped. Infectious Diseases","OH","Pregnancy","Awards",2
"theme3","Matern. & Ped. Infectious Diseases","OH","Pregnancy","Funding",0.463123
"theme3","Matern. & Ped. Infectious Diseases","OR","Pregnancy","Awards",3
"theme3","Matern. & Ped. Infectious Diseases","OR","Pregnancy","Funding",4.483057
"theme3","Matern. & Ped. Infectious Diseases","PA","Pregnancy","Awards",2
"theme3","Matern. & Ped. Infectious Diseases","PA","Pregnancy","Funding",1.026777
"theme3","Matern. & Ped. Infectious Diseases","TN","Pregnancy","Awards",1
"theme3","Matern. & Ped. Infectious Diseases","TN","Pregnancy","Funding",0.35354
"theme3","Matern. & Ped. Infectious Diseases","TX","Pregnancy","Awards",4
"theme3","Matern. & Ped. Infectious Diseases","TX","Pregnancy","Funding",1.341549
"theme3","Matern. & Ped. Infectious Diseases","VT","Pregnancy","Awards",1
"theme3","Matern. & Ped. Infectious Diseases","VT","Pregnancy","Funding",0.390641
"theme3","Matern. & Ped. Infectious Diseases","WA","Pregnancy","Awards",10
"theme3","Matern. & Ped. Infectious Diseases","WA","Pregnancy","Funding",4.980864
"theme3","Matern. & Ped. Infectious Diseases","ZZ","Pregnancy","Awards",1
"theme3","Matern. & Ped. Infectious Diseases","ZZ","Pregnancy","Funding",0.555945
"theme3","Natl. Ctr. for Med. Rehabilitation Res.","MA","Pregnancy","Awards",1
"theme3","Natl. Ctr. for Med. Rehabilitation Res.","MA","Pregnancy","Funding",0.672236
"theme3","Natl. Ctr. for Med. Rehabilitation Res.","VA","Pregnancy","Awards",1
"theme3","Natl. Ctr. for Med. Rehabilitation Res.","VA","Pregnancy","Funding",0.436321
"theme3","Natl. Ctr. for Med. Rehabilitation Res.","WI","Pregnancy","Awards",1
"theme3","Natl. Ctr. for Med. Rehabilitation Res.","WI","Pregnancy","Funding",0.557407
"theme3","Obstet. & Ped. Pharmacol. & Therap.","AL","Pregnancy","Awards",1
"theme3","Obstet. & Ped. Pharmacol. & Therap.","AL","Pregnancy","Funding",0.629182
"theme3","Obstet. & Ped. Pharmacol. & Therap.","AR","Pregnancy","Awards",1
"theme3","Obstet. & Ped. Pharmacol. & Therap.","AR","Pregnancy","Funding",0.63523
"theme3","Obstet. & Ped. Pharmacol. & Therap.","AZ","Pregnancy","Awards",1
"theme3","Obstet. & Ped. Pharmacol. & Therap.","AZ","Pregnancy","Funding",0.715188
"theme3","Obstet. & Ped. Pharmacol. & Therap.","CA","Pregnancy","Awards",6
"theme3","Obstet. & Ped. Pharmacol. & Therap.","CA","Pregnancy","Funding",3.675117
"theme3","Obstet. & Ped. Pharmacol. & Therap.","CO","Pregnancy","Awards",2
"theme3","Obstet. & Ped. Pharmacol. & Therap.","CO","Pregnancy","Funding",1.31849
"theme3","Obstet. & Ped. Pharmacol. & Therap.","CT","Pregnancy","Awards",1
"theme3","Obstet. & Ped. Pharmacol. & Therap.","CT","Pregnancy","Funding",0.486111
"theme3","Obstet. & Ped. Pharmacol. & Therap.","DC","Pregnancy","Awards",2
"theme3","Obstet. & Ped. Pharmacol. & Therap.","DC","Pregnancy","Funding",0.804699
"theme3","Obstet. & Ped. Pharmacol. & Therap.","FL","Pregnancy","Awards",3
"theme3","Obstet. & Ped. Pharmacol. & Therap.","FL","Pregnancy","Funding",0.966603
"theme3","Obstet. & Ped. Pharmacol. & Therap.","IL","Pregnancy","Awards",1
"theme3","Obstet. & Ped. Pharmacol. & Therap.","IL","Pregnancy","Funding",0.055114
"theme3","Obstet. & Ped. Pharmacol. & Therap.","IN","Pregnancy","Awards",2
"theme3","Obstet. & Ped. Pharmacol. & Therap.","IN","Pregnancy","Funding",3.533807
"theme3","Obstet. & Ped. Pharmacol. & Therap.","MA","Pregnancy","Awards",7
"theme3","Obstet. & Ped. Pharmacol. & Therap.","MA","Pregnancy","Funding",3.64414
"theme3","Obstet. & Ped. Pharmacol. & Therap.","MD","Pregnancy","Awards",1
"theme3","Obstet. & Ped. Pharmacol. & Therap.","MD","Pregnancy","Funding",0.576385
"theme3","Obstet. & Ped. Pharmacol. & Therap.","MN","Pregnancy","Awards",2
"theme3","Obstet. & Ped. Pharmacol. & Therap.","MN","Pregnancy","Funding",1.200894
"theme3","Obstet. & Ped. Pharmacol. & Therap.","MO","Pregnancy","Awards",2
"theme3","Obstet. & Ped. Pharmacol. & Therap.","MO","Pregnancy","Funding",0.817754
"theme3","Obstet. & Ped. Pharmacol. & Therap.","NC","Pregnancy","Awards",3
"theme3","Obstet. & Ped. Pharmacol. & Therap.","NC","Pregnancy","Funding",0.620682
"theme3","Obstet. & Ped. Pharmacol. & Therap.","NJ","Pregnancy","Awards",1
"theme3","Obstet. & Ped. Pharmacol. & Therap.","NJ","Pregnancy","Funding",3.140397
"theme3","Obstet. & Ped. Pharmacol. & Therap.","NV","Pregnancy","Awards",1
"theme3","Obstet. & Ped. Pharmacol. & Therap.","NV","Pregnancy","Funding",0.18375
"theme3","Obstet. & Ped. Pharmacol. & Therap.","NY","Pregnancy","Awards",6
"theme3","Obstet. & Ped. Pharmacol. & Therap.","NY","Pregnancy","Funding",1.719927
"theme3","Obstet. & Ped. Pharmacol. & Therap.","OH","Pregnancy","Awards",1
"theme3","Obstet. & Ped. Pharmacol. & Therap.","OH","Pregnancy","Funding",1.010469
"theme3","Obstet. & Ped. Pharmacol. & Therap.","OR","Pregnancy","Awards",1
"theme3","Obstet. & Ped. Pharmacol. & Therap.","OR","Pregnancy","Funding",0.659444
"theme3","Obstet. & Ped. Pharmacol. & Therap.","PA","Pregnancy","Awards",4
"theme3","Obstet. & Ped. Pharmacol. & Therap.","PA","Pregnancy","Funding",1.741037
"theme3","Obstet. & Ped. Pharmacol. & Therap.","TN","Pregnancy","Awards",1
"theme3","Obstet. & Ped. Pharmacol. & Therap.","TN","Pregnancy","Funding",0.138455
"theme3","Obstet. & Ped. Pharmacol. & Therap.","TX","Pregnancy","Awards",4
"theme3","Obstet. & Ped. Pharmacol. & Therap.","TX","Pregnancy","Funding",1.848395
"theme3","Obstet. & Ped. Pharmacol. & Therap.","UT","Pregnancy","Awards",1
"theme3","Obstet. & Ped. Pharmacol. & Therap.","UT","Pregnancy","Funding",0.288294
"theme3","Obstet. & Ped. Pharmacol. & Therap.","WA","Pregnancy","Awards",4
"theme3","Obstet. & Ped. Pharmacol. & Therap.","WA","Pregnancy","Funding",2.489227
"theme3","Obstet. & Ped. Pharmacol. & Therap.","WI","Pregnancy","Awards",2
"theme3","Obstet. & Ped. Pharmacol. & Therap.","WI","Pregnancy","Funding",0.670609
"theme3","Obstet. & Ped. Pharmacol. & Therap.","ZZ","Pregnancy","Awards",1
"theme3","Obstet. & Ped. Pharmacol. & Therap.","ZZ","Pregnancy","Funding",0.56225
"theme3","Pediatric Growth & Nutrition","AL","Pregnancy","Awards",1
"theme3","Pediatric Growth & Nutrition","AL","Pregnancy","Funding",0.41928
"theme3","Pediatric Growth & Nutrition","AZ","Pregnancy","Awards",1
"theme3","Pediatric Growth & Nutrition","AZ","Pregnancy","Funding",0.233545
"theme3","Pediatric Growth & Nutrition","CA","Pregnancy","Awards",8
"theme3","Pediatric Growth & Nutrition","CA","Pregnancy","Funding",2.698372
"theme3","Pediatric Growth & Nutrition","CO","Pregnancy","Awards",2
"theme3","Pediatric Growth & Nutrition","CO","Pregnancy","Funding",1.030225
"theme3","Pediatric Growth & Nutrition","DC","Pregnancy","Awards",1
"theme3","Pediatric Growth & Nutrition","DC","Pregnancy","Funding",0.662577
"theme3","Pediatric Growth & Nutrition","DE","Pregnancy","Awards",1
"theme3","Pediatric Growth & Nutrition","DE","Pregnancy","Funding",0.337817
"theme3","Pediatric Growth & Nutrition","GA","Pregnancy","Awards",1
"theme3","Pediatric Growth & Nutrition","GA","Pregnancy","Funding",0.24897
"theme3","Pediatric Growth & Nutrition","ID","Pregnancy","Awards",1
"theme3","Pediatric Growth & Nutrition","ID","Pregnancy","Funding",0.239399
"theme3","Pediatric Growth & Nutrition","IL","Pregnancy","Awards",4
"theme3","Pediatric Growth & Nutrition","IL","Pregnancy","Funding",3.386518
"theme3","Pediatric Growth & Nutrition","KY","Pregnancy","Awards",1
"theme3","Pediatric Growth & Nutrition","KY","Pregnancy","Funding",0.603611
"theme3","Pediatric Growth & Nutrition","MA","Pregnancy","Awards",7
"theme3","Pediatric Growth & Nutrition","MA","Pregnancy","Funding",2.831309
"theme3","Pediatric Growth & Nutrition","MB","Pregnancy","Awards",1
"theme3","Pediatric Growth & Nutrition","MB","Pregnancy","Funding",0.584243
"theme3","Pediatric Growth & Nutrition","MD","Pregnancy","Awards",1
"theme3","Pediatric Growth & Nutrition","MD","Pregnancy","Funding",0.01
"theme3","Pediatric Growth & Nutrition","MI","Pregnancy","Awards",1
"theme3","Pediatric Growth & Nutrition","MI","Pregnancy","Funding",0.373358
"theme3","Pediatric Growth & Nutrition","MN","Pregnancy","Awards",3
"theme3","Pediatric Growth & Nutrition","MN","Pregnancy","Funding",1.314334
"theme3","Pediatric Growth & Nutrition","MO","Pregnancy","Awards",1
"theme3","Pediatric Growth & Nutrition","MO","Pregnancy","Funding",0.125142
"theme3","Pediatric Growth & Nutrition","NC","Pregnancy","Awards",1
"theme3","Pediatric Growth & Nutrition","NC","Pregnancy","Funding",0.30949
"theme3","Pediatric Growth & Nutrition","NY","Pregnancy","Awards",2
"theme3","Pediatric Growth & Nutrition","NY","Pregnancy","Funding",1.417903
"theme3","Pediatric Growth & Nutrition","OH","Pregnancy","Awards",2
"theme3","Pediatric Growth & Nutrition","OH","Pregnancy","Funding",0.92919
"theme3","Pediatric Growth & Nutrition","OK","Pregnancy","Awards",1
"theme3","Pediatric Growth & Nutrition","OK","Pregnancy","Funding",0.467754
"theme3","Pediatric Growth & Nutrition","OR","Pregnancy","Awards",5
"theme3","Pediatric Growth & Nutrition","OR","Pregnancy","Funding",2.584789
"theme3","Pediatric Growth & Nutrition","PA","Pregnancy","Awards",3
"theme3","Pediatric Growth & Nutrition","PA","Pregnancy","Funding",0.84712
"theme3","Pediatric Growth & Nutrition","TX","Pregnancy","Awards",3
"theme3","Pediatric Growth & Nutrition","TX","Pregnancy","Funding",1.453809
"theme3","Pediatric Growth & Nutrition","WA","Pregnancy","Awards",4
"theme3","Pediatric Growth & Nutrition","WA","Pregnancy","Funding",0.443234
"theme3","Pediatric Trauma & Critical Care","AZ","Pregnancy","Awards",1
"theme3","Pediatric Trauma & Critical Care","AZ","Pregnancy","Funding",0.409845
"theme3","Pediatric Trauma & Critical Care","IN","Pregnancy","Awards",1
"theme3","Pediatric Trauma & Critical Care","IN","Pregnancy","Funding",0.625272
"theme3","Pediatric Trauma & Critical Care","MA","Pregnancy","Awards",1
"theme3","Pediatric Trauma & Critical Care","MA","Pregnancy","Funding",0.592957
"theme3","Pediatric Trauma & Critical Care","MD","Pregnancy","Awards",1
"theme3","Pediatric Trauma & Critical Care","MD","Pregnancy","Funding",0.210557
"theme3","Population Dynamics","AZ","Pregnancy","Awards",2
"theme3","Population Dynamics","AZ","Pregnancy","Funding",1.189627
"theme3","Population Dynamics","CA","Pregnancy","Awards",17
"theme3","Population Dynamics","CA","Pregnancy","Funding",6.723694
"theme3","Population Dynamics","CO","Pregnancy","Awards",1
"theme3","Population Dynamics","CO","Pregnancy","Funding",0.634379
"theme3","Population Dynamics","FL","Pregnancy","Awards",1
"theme3","Population Dynamics","FL","Pregnancy","Funding",0.540915
"theme3","Population Dynamics","GA","Pregnancy","Awards",4
"theme3","Population Dynamics","GA","Pregnancy","Funding",1.903501
"theme3","Population Dynamics","IL","Pregnancy","Awards",1
"theme3","Population Dynamics","IL","Pregnancy","Funding",0.656279
"theme3","Population Dynamics","IN","Pregnancy","Awards",1
"theme3","Population Dynamics","IN","Pregnancy","Funding",0.150741
"theme3","Population Dynamics","LA","Pregnancy","Awards",1
"theme3","Population Dynamics","LA","Pregnancy","Funding",0.637936
"theme3","Population Dynamics","MA","Pregnancy","Awards",4
"theme3","Population Dynamics","MA","Pregnancy","Funding",1.771664
"theme3","Population Dynamics","MD","Pregnancy","Awards",12
"theme3","Population Dynamics","MD","Pregnancy","Funding",5.458297
"theme3","Population Dynamics","MI","Pregnancy","Awards",7
"theme3","Population Dynamics","MI","Pregnancy","Funding",3.871597
"theme3","Population Dynamics","MN","Pregnancy","Awards",2
"theme3","Population Dynamics","MN","Pregnancy","Funding",0.771521
"theme3","Population Dynamics","MO","Pregnancy","Awards",1
"theme3","Population Dynamics","MO","Pregnancy","Funding",0.161592
"theme3","Population Dynamics","NC","Pregnancy","Awards",4
"theme3","Population Dynamics","NC","Pregnancy","Funding",2.28824
"theme3","Population Dynamics","NJ","Pregnancy","Awards",3
"theme3","Population Dynamics","NJ","Pregnancy","Funding",1.933542
"theme3","Population Dynamics","NV","Pregnancy","Awards",3
"theme3","Population Dynamics","NV","Pregnancy","Funding",0.975202
"theme3","Population Dynamics","NY","Pregnancy","Awards",4
"theme3","Population Dynamics","NY","Pregnancy","Funding",1.432086
"theme3","Population Dynamics","PA","Pregnancy","Awards",12
"theme3","Population Dynamics","PA","Pregnancy","Funding",5.170005
"theme3","Population Dynamics","RI","Pregnancy","Awards",1
"theme3","Population Dynamics","RI","Pregnancy","Funding",0.658947
"theme3","Population Dynamics","SC","Pregnancy","Awards",1
"theme3","Population Dynamics","SC","Pregnancy","Funding",1.664038
"theme3","Population Dynamics","TN","Pregnancy","Awards",1
"theme3","Population Dynamics","TN","Pregnancy","Funding",0.188974
"theme3","Population Dynamics","TX","Pregnancy","Awards",2
"theme3","Population Dynamics","TX","Pregnancy","Funding",0.588436
"theme3","Population Dynamics","UT","Pregnancy","Awards",1
"theme3","Population Dynamics","UT","Pregnancy","Funding",0.318564
"theme3","Population Dynamics","WI","Pregnancy","Awards",1
"theme3","Population Dynamics","WI","Pregnancy","Funding",0.286844
"theme3","Pregnancy & Perinatology","AL","Pregnancy","Awards",5
"theme3","Pregnancy & Perinatology","AL","Pregnancy","Funding",2.755464
"theme3","Pregnancy & Perinatology","AR","Pregnancy","Awards",3
"theme3","Pregnancy & Perinatology","AR","Pregnancy","Funding",2.065618
"theme3","Pregnancy & Perinatology","AZ","Pregnancy","Awards",3
"theme3","Pregnancy & Perinatology","AZ","Pregnancy","Funding",1.124286
"theme3","Pregnancy & Perinatology","CA","Pregnancy","Awards",46
"theme3","Pregnancy & Perinatology","CA","Pregnancy","Funding",17.158012
"theme3","Pregnancy & Perinatology","CO","Pregnancy","Awards",11
"theme3","Pregnancy & Perinatology","CO","Pregnancy","Funding",5.37557
"theme3","Pregnancy & Perinatology","CT","Pregnancy","Awards",11
"theme3","Pregnancy & Perinatology","CT","Pregnancy","Funding",3.68091
"theme3","Pregnancy & Perinatology","DC","Pregnancy","Awards",7
"theme3","Pregnancy & Perinatology","DC","Pregnancy","Funding",15.701495
"theme3","Pregnancy & Perinatology","FL","Pregnancy","Awards",1
"theme3","Pregnancy & Perinatology","FL","Pregnancy","Funding",0.152
"theme3","Pregnancy & Perinatology","GA","Pregnancy","Awards",5
"theme3","Pregnancy & Perinatology","GA","Pregnancy","Funding",2.190236
"theme3","Pregnancy & Perinatology","IL","Pregnancy","Awards",8
"theme3","Pregnancy & Perinatology","IL","Pregnancy","Funding",5.315757
"theme3","Pregnancy & Perinatology","IN","Pregnancy","Awards",2
"theme3","Pregnancy & Perinatology","IN","Pregnancy","Funding",1.172401
"theme3","Pregnancy & Perinatology","KS","Pregnancy","Awards",7
"theme3","Pregnancy & Perinatology","KS","Pregnancy","Funding",2.736887
"theme3","Pregnancy & Perinatology","MA","Pregnancy","Awards",35
"theme3","Pregnancy & Perinatology","MA","Pregnancy","Funding",27.189567
"theme3","Pregnancy & Perinatology","MD","Pregnancy","Awards",7
"theme3","Pregnancy & Perinatology","MD","Pregnancy","Funding",3.211273
"theme3","Pregnancy & Perinatology","MI","Pregnancy","Awards",8
"theme3","Pregnancy & Perinatology","MI","Pregnancy","Funding",3.33694
"theme3","Pregnancy & Perinatology","MN","Pregnancy","Awards",7
"theme3","Pregnancy & Perinatology","MN","Pregnancy","Funding",2.971761
"theme3","Pregnancy & Perinatology","MO","Pregnancy","Awards",15
"theme3","Pregnancy & Perinatology","MO","Pregnancy","Funding",7.813053
"theme3","Pregnancy & Perinatology","MS","Pregnancy","Awards",1
"theme3","Pregnancy & Perinatology","MS","Pregnancy","Funding",0.07678
"theme3","Pregnancy & Perinatology","NC","Pregnancy","Awards",18
"theme3","Pregnancy & Perinatology","NC","Pregnancy","Funding",7.116486
"theme3","Pregnancy & Perinatology","NH","Pregnancy","Awards",1
"theme3","Pregnancy & Perinatology","NH","Pregnancy","Funding",0.591792
"theme3","Pregnancy & Perinatology","NJ","Pregnancy","Awards",5
"theme3","Pregnancy & Perinatology","NJ","Pregnancy","Funding",1.932286
"theme3","Pregnancy & Perinatology","NY","Pregnancy","Awards",16
"theme3","Pregnancy & Perinatology","NY","Pregnancy","Funding",7.158804
"theme3","Pregnancy & Perinatology","OH","Pregnancy","Awards",9
"theme3","Pregnancy & Perinatology","OH","Pregnancy","Funding",3.687891
"theme3","Pregnancy & Perinatology","OK","Pregnancy","Awards",2
"theme3","Pregnancy & Perinatology","OK","Pregnancy","Funding",0.79653
"theme3","Pregnancy & Perinatology","ON","Pregnancy","Awards",1
"theme3","Pregnancy & Perinatology","ON","Pregnancy","Funding",0.477421
"theme3","Pregnancy & Perinatology","OR","Pregnancy","Awards",12
"theme3","Pregnancy & Perinatology","OR","Pregnancy","Funding",6.542502
"theme3","Pregnancy & Perinatology","PA","Pregnancy","Awards",21
"theme3","Pregnancy & Perinatology","PA","Pregnancy","Funding",12.142386
"theme3","Pregnancy & Perinatology","RI","Pregnancy","Awards",8
"theme3","Pregnancy & Perinatology","RI","Pregnancy","Funding",3.015015
"theme3","Pregnancy & Perinatology","SC","Pregnancy","Awards",3
"theme3","Pregnancy & Perinatology","SC","Pregnancy","Funding",0.347545
"theme3","Pregnancy & Perinatology","TN","Pregnancy","Awards",1
"theme3","Pregnancy & Perinatology","TN","Pregnancy","Funding",0.608751
"theme3","Pregnancy & Perinatology","TX","Pregnancy","Awards",26
"theme3","Pregnancy & Perinatology","TX","Pregnancy","Funding",10.30399
"theme3","Pregnancy & Perinatology","UT","Pregnancy","Awards",4
"theme3","Pregnancy & Perinatology","UT","Pregnancy","Funding",1.080472
"theme3","Pregnancy & Perinatology","VA","Pregnancy","Awards",4
"theme3","Pregnancy & Perinatology","VA","Pregnancy","Funding",2.799348
"theme3","Pregnancy & Perinatology","WA","Pregnancy","Awards",15
"theme3","Pregnancy & Perinatology","WA","Pregnancy","Funding",8.47625
"theme3","Pregnancy & Perinatology","WI","Pregnancy","Awards",7
"theme3","Pregnancy & Perinatology","WI","Pregnancy","Funding",3.409037
"theme3","Pregnancy & Perinatology","WV","Pregnancy","Awards",1
"theme3","Pregnancy & Perinatology","WV","Pregnancy","Funding",0.456
"theme3","Pregnancy & Perinatology","ZZ","Pregnancy","Awards",1
"theme3","Pregnancy & Perinatology","ZZ","Pregnancy","Funding",0.49099
"theme4","Child Development & Behavior","AZ","Pediatrics","Awards",7
"theme4","Child Development & Behavior","AZ","Pediatrics","Funding",3.689691
"theme4","Child Development & Behavior","CA","Pediatrics","Awards",47
"theme4","Child Development & Behavior","CA","Pediatrics","Funding",20.740124
"theme4","Child Development & Behavior","CO","Pediatrics","Awards",5
"theme4","Child Development & Behavior","CO","Pediatrics","Funding",2.137772
"theme4","Child Development & Behavior","CT","Pediatrics","Awards",7
"theme4","Child Development & Behavior","CT","Pediatrics","Funding",2.832592
"theme4","Child Development & Behavior","DC","Pediatrics","Awards",3
"theme4","Child Development & Behavior","DC","Pediatrics","Funding",1.350906
"theme4","Child Development & Behavior","FL","Pediatrics","Awards",9
"theme4","Child Development & Behavior","FL","Pediatrics","Funding",4.997699
"theme4","Child Development & Behavior","GA","Pediatrics","Awards",5
"theme4","Child Development & Behavior","GA","Pediatrics","Funding",1.309568
"theme4","Child Development & Behavior","IA","Pediatrics","Awards",5
"theme4","Child Development & Behavior","IA","Pediatrics","Funding",1.99492
"theme4","Child Development & Behavior","IL","Pediatrics","Awards",6
"theme4","Child Development & Behavior","IL","Pediatrics","Funding",2.316121
"theme4","Child Development & Behavior","IN","Pediatrics","Awards",3
"theme4","Child Development & Behavior","IN","Pediatrics","Funding",0.810686
"theme4","Child Development & Behavior","KS","Pediatrics","Awards",6
"theme4","Child Development & Behavior","KS","Pediatrics","Funding",3.11058
"theme4","Child Development & Behavior","LA","Pediatrics","Awards",2
"theme4","Child Development & Behavior","LA","Pediatrics","Funding",0.845078
"theme4","Child Development & Behavior","MA","Pediatrics","Awards",25
"theme4","Child Development & Behavior","MA","Pediatrics","Funding",11.028401
"theme4","Child Development & Behavior","MD","Pediatrics","Awards",10
"theme4","Child Development & Behavior","MD","Pediatrics","Funding",2.477085
"theme4","Child Development & Behavior","MI","Pediatrics","Awards",15
"theme4","Child Development & Behavior","MI","Pediatrics","Funding",5.80584
"theme4","Child Development & Behavior","MN","Pediatrics","Awards",1
"theme4","Child Development & Behavior","MN","Pediatrics","Funding",0.644694
"theme4","Child Development & Behavior","MO","Pediatrics","Awards",7
"theme4","Child Development & Behavior","MO","Pediatrics","Funding",2.16613
"theme4","Child Development & Behavior","MT","Pediatrics","Awards",1
"theme4","Child Development & Behavior","MT","Pediatrics","Funding",0.727781
"theme4","Child Development & Behavior","NC","Pediatrics","Awards",15
"theme4","Child Development & Behavior","NC","Pediatrics","Funding",5.08607
"theme4","Child Development & Behavior","ND","Pediatrics","Awards",1
"theme4","Child Development & Behavior","ND","Pediatrics","Funding",0.434929
"theme4","Child Development & Behavior","NE","Pediatrics","Awards",2
"theme4","Child Development & Behavior","NE","Pediatrics","Funding",0.793969
"theme4","Child Development & Behavior","NJ","Pediatrics","Awards",4
"theme4","Child Development & Behavior","NJ","Pediatrics","Funding",0.599494
"theme4","Child Development & Behavior","NY","Pediatrics","Awards",30
"theme4","Child Development & Behavior","NY","Pediatrics","Funding",11.053671
"theme4","Child Development & Behavior","OH","Pediatrics","Awards",14
"theme4","Child Development & Behavior","OH","Pediatrics","Funding",6.605049
"theme4","Child Development & Behavior","OK","Pediatrics","Awards",2
"theme4","Child Development & Behavior","OK","Pediatrics","Funding",0.892117
"theme4","Child Development & Behavior","OR","Pediatrics","Awards",8
"theme4","Child Development & Behavior","OR","Pediatrics","Funding",3.116434
"theme4","Child Development & Behavior","PA","Pediatrics","Awards",22
"theme4","Child Development & Behavior","PA","Pediatrics","Funding",10.822131
"theme4","Child Development & Behavior","RI","Pediatrics","Awards",6
"theme4","Child Development & Behavior","RI","Pediatrics","Funding",2.924675
"theme4","Child Development & Behavior","SC","Pediatrics","Awards",8
"theme4","Child Development & Behavior","SC","Pediatrics","Funding",2.739861
"theme4","Child Development & Behavior","TN","Pediatrics","Awards",11
"theme4","Child Development & Behavior","TN","Pediatrics","Funding",4.293476
"theme4","Child Development & Behavior","TX","Pediatrics","Awards",13
"theme4","Child Development & Behavior","TX","Pediatrics","Funding",5.348061
"theme4","Child Development & Behavior","UT","Pediatrics","Awards",1
"theme4","Child Development & Behavior","UT","Pediatrics","Funding",0.559247
"theme4","Child Development & Behavior","VA","Pediatrics","Awards",5
"theme4","Child Development & Behavior","VA","Pediatrics","Funding",2.32993
"theme4","Child Development & Behavior","WA","Pediatrics","Awards",6
"theme4","Child Development & Behavior","WA","Pediatrics","Funding",5.03155
"theme4","Child Development & Behavior","WI","Pediatrics","Awards",5
"theme4","Child Development & Behavior","WI","Pediatrics","Funding",2.98798
"theme4","Dev. Biology & Congenital Anomalies","MA","Pediatrics","Awards",1
"theme4","Dev. Biology & Congenital Anomalies","MA","Pediatrics","Funding",6.025145
"theme4","Dev. Biology & Congenital Anomalies","MD","Pediatrics","Awards",1
"theme4","Dev. Biology & Congenital Anomalies","MD","Pediatrics","Funding",0.650351
"theme4","Dev. Biology & Congenital Anomalies","MO","Pediatrics","Awards",1
"theme4","Dev. Biology & Congenital Anomalies","MO","Pediatrics","Funding",0.246777
"theme4","Dev. Biology & Congenital Anomalies","NY","Pediatrics","Awards",1
"theme4","Dev. Biology & Congenital Anomalies","NY","Pediatrics","Funding",0.161579
"theme4","Dev. Biology & Congenital Anomalies","OH","Pediatrics","Awards",1
"theme4","Dev. Biology & Congenital Anomalies","OH","Pediatrics","Funding",1.598939
"theme4","Dev. Biology & Congenital Anomalies","PA","Pediatrics","Awards",5
"theme4","Dev. Biology & Congenital Anomalies","PA","Pediatrics","Funding",12.43332
"theme4","Dev. Biology & Congenital Anomalies","TX","Pediatrics","Awards",1
"theme4","Dev. Biology & Congenital Anomalies","TX","Pediatrics","Funding",1.285836
"theme4","Fertility & Infertility","GA","Pediatrics","Awards",2
"theme4","Fertility & Infertility","GA","Pediatrics","Funding",0.951987
"theme4","Fertility & Infertility","IL","Pediatrics","Awards",1
"theme4","Fertility & Infertility","IL","Pediatrics","Funding",0.410107
"theme4","Fertility & Infertility","MA","Pediatrics","Awards",1
"theme4","Fertility & Infertility","MA","Pediatrics","Funding",0.45375
"theme4","Fertility & Infertility","MI","Pediatrics","Awards",1
"theme4","Fertility & Infertility","MI","Pediatrics","Funding",0.636709
"theme4","Fertility & Infertility","MO","Pediatrics","Awards",1
"theme4","Fertility & Infertility","MO","Pediatrics","Funding",0.034114
"theme4","Fertility & Infertility","NY","Pediatrics","Awards",1
"theme4","Fertility & Infertility","NY","Pediatrics","Funding",0.638119
"theme4","Fertility & Infertility","SC","Pediatrics","Awards",1
"theme4","Fertility & Infertility","SC","Pediatrics","Funding",0.541602
"theme4","Fertility & Infertility","UT","Pediatrics","Awards",1
"theme4","Fertility & Infertility","UT","Pediatrics","Funding",0.041123
"theme4","Gynecologic Health & Disease","CA","Pediatrics","Awards",2
"theme4","Gynecologic Health & Disease","CA","Pediatrics","Funding",0.73786
"theme4","Gynecologic Health & Disease","GA","Pediatrics","Awards",1
"theme4","Gynecologic Health & Disease","GA","Pediatrics","Funding",0.54677
"theme4","Gynecologic Health & Disease","MD","Pediatrics","Awards",1
"theme4","Gynecologic Health & Disease","MD","Pediatrics","Funding",0.111419
"theme4","Gynecologic Health & Disease","MI","Pediatrics","Awards",1
"theme4","Gynecologic Health & Disease","MI","Pediatrics","Funding",0.123156
"theme4","Gynecologic Health & Disease","NC","Pediatrics","Awards",1
"theme4","Gynecologic Health & Disease","NC","Pediatrics","Funding",0.186661
"theme4","Gynecologic Health & Disease","WA","Pediatrics","Awards",2
"theme4","Gynecologic Health & Disease","WA","Pediatrics","Funding",2.373849
"theme4","Intellectual & Developmental Disabilities","AL","Pediatrics","Awards",2
"theme4","Intellectual & Developmental Disabilities","AL","Pediatrics","Funding",0.366472
"theme4","Intellectual & Developmental Disabilities","AZ","Pediatrics","Awards",2
"theme4","Intellectual & Developmental Disabilities","AZ","Pediatrics","Funding",0.750478
"theme4","Intellectual & Developmental Disabilities","CA","Pediatrics","Awards",32
"theme4","Intellectual & Developmental Disabilities","CA","Pediatrics","Funding",17.754703
"theme4","Intellectual & Developmental Disabilities","CO","Pediatrics","Awards",7
"theme4","Intellectual & Developmental Disabilities","CO","Pediatrics","Funding",5.219532
"theme4","Intellectual & Developmental Disabilities","CT","Pediatrics","Awards",2
"theme4","Intellectual & Developmental Disabilities","CT","Pediatrics","Funding",0.687085
"theme4","Intellectual & Developmental Disabilities","DC","Pediatrics","Awards",4
"theme4","Intellectual & Developmental Disabilities","DC","Pediatrics","Funding",3.106059
"theme4","Intellectual & Developmental Disabilities","GA","Pediatrics","Awards",6
"theme4","Intellectual & Developmental Disabilities","GA","Pediatrics","Funding",3.452311
"theme4","Intellectual & Developmental Disabilities","IA","Pediatrics","Awards",2
"theme4","Intellectual & Developmental Disabilities","IA","Pediatrics","Funding",1.923586
"theme4","Intellectual & Developmental Disabilities","IL","Pediatrics","Awards",5
"theme4","Intellectual & Developmental Disabilities","IL","Pediatrics","Funding",1.491563
"theme4","Intellectual & Developmental Disabilities","IN","Pediatrics","Awards",1
"theme4","Intellectual & Developmental Disabilities","IN","Pediatrics","Funding",1.000001
"theme4","Intellectual & Developmental Disabilities","KS","Pediatrics","Awards",3
"theme4","Intellectual & Developmental Disabilities","KS","Pediatrics","Funding",1.523111
"theme4","Intellectual & Developmental Disabilities","KY","Pediatrics","Awards",1
"theme4","Intellectual & Developmental Disabilities","KY","Pediatrics","Funding",0.1925
"theme4","Intellectual & Developmental Disabilities","MA","Pediatrics","Awards",18
"theme4","Intellectual & Developmental Disabilities","MA","Pediatrics","Funding",7.127611
"theme4","Intellectual & Developmental Disabilities","MD","Pediatrics","Awards",6
"theme4","Intellectual & Developmental Disabilities","MD","Pediatrics","Funding",5.154209
"theme4","Intellectual & Developmental Disabilities","ME","Pediatrics","Awards",2
"theme4","Intellectual & Developmental Disabilities","ME","Pediatrics","Funding",0.751739
"theme4","Intellectual & Developmental Disabilities","MI","Pediatrics","Awards",4
"theme4","Intellectual & Developmental Disabilities","MI","Pediatrics","Funding",2.641392
"theme4","Intellectual & Developmental Disabilities","MN","Pediatrics","Awards",2
"theme4","Intellectual & Developmental Disabilities","MN","Pediatrics","Funding",0.453026
"theme4","Intellectual & Developmental Disabilities","MO","Pediatrics","Awards",10
"theme4","Intellectual & Developmental Disabilities","MO","Pediatrics","Funding",6.034278
"theme4","Intellectual & Developmental Disabilities","NC","Pediatrics","Awards",15
"theme4","Intellectual & Developmental Disabilities","NC","Pediatrics","Funding",9.734913
"theme4","Intellectual & Developmental Disabilities","NJ","Pediatrics","Awards",4
"theme4","Intellectual & Developmental Disabilities","NJ","Pediatrics","Funding",3.197223
"theme4","Intellectual & Developmental Disabilities","NY","Pediatrics","Awards",15
"theme4","Intellectual & Developmental Disabilities","NY","Pediatrics","Funding",11.361646
"theme4","Intellectual & Developmental Disabilities","OH","Pediatrics","Awards",10
"theme4","Intellectual & Developmental Disabilities","OH","Pediatrics","Funding",7.467336
"theme4","Intellectual & Developmental Disabilities","OK","Pediatrics","Awards",1
"theme4","Intellectual & Developmental Disabilities","OK","Pediatrics","Funding",0.444238
"theme4","Intellectual & Developmental Disabilities","OR","Pediatrics","Awards",3
"theme4","Intellectual & Developmental Disabilities","OR","Pediatrics","Funding",2.334018
"theme4","Intellectual & Developmental Disabilities","PA","Pediatrics","Awards",14
"theme4","Intellectual & Developmental Disabilities","PA","Pediatrics","Funding",11.067989
"theme4","Intellectual & Developmental Disabilities","RI","Pediatrics","Awards",1
"theme4","Intellectual & Developmental Disabilities","RI","Pediatrics","Funding",0.02
"theme4","Intellectual & Developmental Disabilities","SC","Pediatrics","Awards",4
"theme4","Intellectual & Developmental Disabilities","SC","Pediatrics","Funding",2.222352
"theme4","Intellectual & Developmental Disabilities","TN","Pediatrics","Awards",3
"theme4","Intellectual & Developmental Disabilities","TN","Pediatrics","Funding",2.272094
"theme4","Intellectual & Developmental Disabilities","TX","Pediatrics","Awards",14
"theme4","Intellectual & Developmental Disabilities","TX","Pediatrics","Funding",6.477512
"theme4","Intellectual & Developmental Disabilities","UT","Pediatrics","Awards",2
"theme4","Intellectual & Developmental Disabilities","UT","Pediatrics","Funding",1.091226
"theme4","Intellectual & Developmental Disabilities","VA","Pediatrics","Awards",3
"theme4","Intellectual & Developmental Disabilities","VA","Pediatrics","Funding",1.486996
"theme4","Intellectual & Developmental Disabilities","WA","Pediatrics","Awards",7
"theme4","Intellectual & Developmental Disabilities","WA","Pediatrics","Funding",3.961522
"theme4","Intellectual & Developmental Disabilities","WI","Pediatrics","Awards",9
"theme4","Intellectual & Developmental Disabilities","WI","Pediatrics","Funding",4.205502
"theme4","Intellectual & Developmental Disabilities","ZZ","Pediatrics","Awards",3
"theme4","Intellectual & Developmental Disabilities","ZZ","Pediatrics","Funding",0.751631
"theme4","Matern. & Ped. Infectious Diseases","AL","Pediatrics","Awards",2
"theme4","Matern. & Ped. Infectious Diseases","AL","Pediatrics","Funding",1.177086
"theme4","Matern. & Ped. Infectious Diseases","CA","Pediatrics","Awards",12
"theme4","Matern. & Ped. Infectious Diseases","CA","Pediatrics","Funding",3.960112
"theme4","Matern. & Ped. Infectious Diseases","CO","Pediatrics","Awards",2
"theme4","Matern. & Ped. Infectious Diseases","CO","Pediatrics","Funding",0.814504
"theme4","Matern. & Ped. Infectious Diseases","CT","Pediatrics","Awards",6
"theme4","Matern. & Ped. Infectious Diseases","CT","Pediatrics","Funding",1.504457
"theme4","Matern. & Ped. Infectious Diseases","FL","Pediatrics","Awards",1
"theme4","Matern. & Ped. Infectious Diseases","FL","Pediatrics","Funding",11.427023
"theme4","Matern. & Ped. Infectious Diseases","GA","Pediatrics","Awards",2
"theme4","Matern. & Ped. Infectious Diseases","GA","Pediatrics","Funding",3.175229
"theme4","Matern. & Ped. Infectious Diseases","IL","Pediatrics","Awards",11
"theme4","Matern. & Ped. Infectious Diseases","IL","Pediatrics","Funding",6.463657
"theme4","Matern. & Ped. Infectious Diseases","IN","Pediatrics","Awards",6
"theme4","Matern. & Ped. Infectious Diseases","IN","Pediatrics","Funding",2.194133
"theme4","Matern. & Ped. Infectious Diseases","LA","Pediatrics","Awards",1
"theme4","Matern. & Ped. Infectious Diseases","LA","Pediatrics","Funding",0.708809
"theme4","Matern. & Ped. Infectious Diseases","MA","Pediatrics","Awards",26
"theme4","Matern. & Ped. Infectious Diseases","MA","Pediatrics","Funding",16.144365
"theme4","Matern. & Ped. Infectious Diseases","MD","Pediatrics","Awards",10
"theme4","Matern. & Ped. Infectious Diseases","MD","Pediatrics","Funding",9.873633
"theme4","Matern. & Ped. Infectious Diseases","MO","Pediatrics","Awards",5
"theme4","Matern. & Ped. Infectious Diseases","MO","Pediatrics","Funding",2.214323
"theme4","Matern. & Ped. Infectious Diseases","NC","Pediatrics","Awards",2
"theme4","Matern. & Ped. Infectious Diseases","NC","Pediatrics","Funding",1.310695
"theme4","Matern. & Ped. Infectious Diseases","NE","Pediatrics","Awards",1
"theme4","Matern. & Ped. Infectious Diseases","NE","Pediatrics","Funding",0.567305
"theme4","Matern. & Ped. Infectious Diseases","NH","Pediatrics","Awards",2
"theme4","Matern. & Ped. Infectious Diseases","NH","Pediatrics","Funding",0.703158
"theme4","Matern. & Ped. Infectious Diseases","NJ","Pediatrics","Awards",1
"theme4","Matern. & Ped. Infectious Diseases","NJ","Pediatrics","Funding",1.6485
"theme4","Matern. & Ped. Infectious Diseases","NY","Pediatrics","Awards",13
"theme4","Matern. & Ped. Infectious Diseases","NY","Pediatrics","Funding",4.479864
"theme4","Matern. & Ped. Infectious Diseases","OH","Pediatrics","Awards",2
"theme4","Matern. & Ped. Infectious Diseases","OH","Pediatrics","Funding",1.187391
"theme4","Matern. & Ped. Infectious Diseases","OR","Pediatrics","Awards",1
"theme4","Matern. & Ped. Infectious Diseases","OR","Pediatrics","Funding",2.720461
"theme4","Matern. & Ped. Infectious Diseases","SC","Pediatrics","Awards",1
"theme4","Matern. & Ped. Infectious Diseases","SC","Pediatrics","Funding",0.180446
"theme4","Matern. & Ped. Infectious Diseases","TX","Pediatrics","Awards",2
"theme4","Matern. & Ped. Infectious Diseases","TX","Pediatrics","Funding",1.134188
"theme4","Matern. & Ped. Infectious Diseases","VT","Pediatrics","Awards",1
"theme4","Matern. & Ped. Infectious Diseases","VT","Pediatrics","Funding",0.512995
"theme4","Matern. & Ped. Infectious Diseases","WA","Pediatrics","Awards",20
"theme4","Matern. & Ped. Infectious Diseases","WA","Pediatrics","Funding",17.008783
"theme4","Matern. & Ped. Infectious Diseases","ZZ","Pediatrics","Awards",14
"theme4","Matern. & Ped. Infectious Diseases","ZZ","Pediatrics","Funding",4.292373
"theme4","Natl. Ctr. for Med. Rehabilitation Res.","AL","Pediatrics","Awards",1
"theme4","Natl. Ctr. for Med. Rehabilitation Res.","AL","Pediatrics","Funding",0.640699
"theme4","Natl. Ctr. for Med. Rehabilitation Res.","AZ","Pediatrics","Awards",1
"theme4","Natl. Ctr. for Med. Rehabilitation Res.","AZ","Pediatrics","Funding",0.412402
"theme4","Natl. Ctr. for Med. Rehabilitation Res.","CA","Pediatrics","Awards",4
"theme4","Natl. Ctr. for Med. Rehabilitation Res.","CA","Pediatrics","Funding",1.631172
"theme4","Natl. Ctr. for Med. Rehabilitation Res.","CO","Pediatrics","Awards",1
"theme4","Natl. Ctr. for Med. Rehabilitation Res.","CO","Pediatrics","Funding",0.3465
"theme4","Natl. Ctr. for Med. Rehabilitation Res.","CT","Pediatrics","Awards",2
"theme4","Natl. Ctr. for Med. Rehabilitation Res.","CT","Pediatrics","Funding",0.507154
"theme4","Natl. Ctr. for Med. Rehabilitation Res.","DE","Pediatrics","Awards",1
"theme4","Natl. Ctr. for Med. Rehabilitation Res.","DE","Pediatrics","Funding",0.477263
"theme4","Natl. Ctr. for Med. Rehabilitation Res.","FL","Pediatrics","Awards",2
"theme4","Natl. Ctr. for Med. Rehabilitation Res.","FL","Pediatrics","Funding",0.327048
"theme4","Natl. Ctr. for Med. Rehabilitation Res.","GA","Pediatrics","Awards",1
"theme4","Natl. Ctr. for Med. Rehabilitation Res.","GA","Pediatrics","Funding",0.624252
"theme4","Natl. Ctr. for Med. Rehabilitation Res.","IL","Pediatrics","Awards",5
"theme4","Natl. Ctr. for Med. Rehabilitation Res.","IL","Pediatrics","Funding",2.121365
"theme4","Natl. Ctr. for Med. Rehabilitation Res.","MA","Pediatrics","Awards",2
"theme4","Natl. Ctr. for Med. Rehabilitation Res.","MA","Pediatrics","Funding",0.337392
"theme4","Natl. Ctr. for Med. Rehabilitation Res.","MD","Pediatrics","Awards",1
"theme4","Natl. Ctr. for Med. Rehabilitation Res.","MD","Pediatrics","Funding",0.136315
"theme4","Natl. Ctr. for Med. Rehabilitation Res.","MI","Pediatrics","Awards",1
"theme4","Natl. Ctr. for Med. Rehabilitation Res.","MI","Pediatrics","Funding",0.387263
"theme4","Natl. Ctr. for Med. Rehabilitation Res.","MN","Pediatrics","Awards",2
"theme4","Natl. Ctr. for Med. Rehabilitation Res.","MN","Pediatrics","Funding",1.634706
"theme4","Natl. Ctr. for Med. Rehabilitation Res.","NC","Pediatrics","Awards",1
"theme4","Natl. Ctr. for Med. Rehabilitation Res.","NC","Pediatrics","Funding",0.18751
"theme4","Natl. Ctr. for Med. Rehabilitation Res.","NE","Pediatrics","Awards",3
"theme4","Natl. Ctr. for Med. Rehabilitation Res.","NE","Pediatrics","Funding",1.771972
"theme4","Natl. Ctr. for Med. Rehabilitation Res.","NY","Pediatrics","Awards",1
"theme4","Natl. Ctr. for Med. Rehabilitation Res.","NY","Pediatrics","Funding",0.249
"theme4","Natl. Ctr. for Med. Rehabilitation Res.","OH","Pediatrics","Awards",7
"theme4","Natl. Ctr. for Med. Rehabilitation Res.","OH","Pediatrics","Funding",2.171199
"theme4","Natl. Ctr. for Med. Rehabilitation Res.","OR","Pediatrics","Awards",1
"theme4","Natl. Ctr. for Med. Rehabilitation Res.","OR","Pediatrics","Funding",0.16865
"theme4","Natl. Ctr. for Med. Rehabilitation Res.","PA","Pediatrics","Awards",1
"theme4","Natl. Ctr. for Med. Rehabilitation Res.","PA","Pediatrics","Funding",0.163178
"theme4","Natl. Ctr. for Med. Rehabilitation Res.","TX","Pediatrics","Awards",2
"theme4","Natl. Ctr. for Med. Rehabilitation Res.","TX","Pediatrics","Funding",1.183364
"theme4","Natl. Ctr. for Med. Rehabilitation Res.","VA","Pediatrics","Awards",1
"theme4","Natl. Ctr. for Med. Rehabilitation Res.","VA","Pediatrics","Funding",0.436321
"theme4","Natl. Ctr. for Med. Rehabilitation Res.","WA","Pediatrics","Awards",5
"theme4","Natl. Ctr. for Med. Rehabilitation Res.","WA","Pediatrics","Funding",2.893128
"theme4","Natl. Ctr. for Med. Rehabilitation Res.","WI","Pediatrics","Awards",2
"theme4","Natl. Ctr. for Med. Rehabilitation Res.","WI","Pediatrics","Funding",0.794283
"theme4","Obstet. & Ped. Pharmacol. & Therap.","AL","Pediatrics","Awards",1
"theme4","Obstet. & Ped. Pharmacol. & Therap.","AL","Pediatrics","Funding",0.629182
"theme4","Obstet. & Ped. Pharmacol. & Therap.","CA","Pediatrics","Awards",8
"theme4","Obstet. & Ped. Pharmacol. & Therap.","CA","Pediatrics","Funding",5.020812
"theme4","Obstet. & Ped. Pharmacol. & Therap.","CO","Pediatrics","Awards",2
"theme4","Obstet. & Ped. Pharmacol. & Therap.","CO","Pediatrics","Funding",0.808914
"theme4","Obstet. & Ped. Pharmacol. & Therap.","CT","Pediatrics","Awards",2
"theme4","Obstet. & Ped. Pharmacol. & Therap.","CT","Pediatrics","Funding",0.65159
"theme4","Obstet. & Ped. Pharmacol. & Therap.","DC","Pediatrics","Awards",3
"theme4","Obstet. & Ped. Pharmacol. & Therap.","DC","Pediatrics","Funding",1.433744
"theme4","Obstet. & Ped. Pharmacol. & Therap.","FL","Pediatrics","Awards",1
"theme4","Obstet. & Ped. Pharmacol. & Therap.","FL","Pediatrics","Funding",0.1525
"theme4","Obstet. & Ped. Pharmacol. & Therap.","IL","Pediatrics","Awards",1
"theme4","Obstet. & Ped. Pharmacol. & Therap.","IL","Pediatrics","Funding",0.055114
"theme4","Obstet. & Ped. Pharmacol. & Therap.","IN","Pediatrics","Awards",1
"theme4","Obstet. & Ped. Pharmacol. & Therap.","IN","Pediatrics","Funding",3.375307
"theme4","Obstet. & Ped. Pharmacol. & Therap.","LA","Pediatrics","Awards",2
"theme4","Obstet. & Ped. Pharmacol. & Therap.","LA","Pediatrics","Funding",0.592732
"theme4","Obstet. & Ped. Pharmacol. & Therap.","MA","Pediatrics","Awards",6
"theme4","Obstet. & Ped. Pharmacol. & Therap.","MA","Pediatrics","Funding",1.206609
"theme4","Obstet. & Ped. Pharmacol. & Therap.","MD","Pediatrics","Awards",4
"theme4","Obstet. & Ped. Pharmacol. & Therap.","MD","Pediatrics","Funding",2.857367
"theme4","Obstet. & Ped. Pharmacol. & Therap.","MN","Pediatrics","Awards",1
"theme4","Obstet. & Ped. Pharmacol. & Therap.","MN","Pediatrics","Funding",0.673986
"theme4","Obstet. & Ped. Pharmacol. & Therap.","MO","Pediatrics","Awards",4
"theme4","Obstet. & Ped. Pharmacol. & Therap.","MO","Pediatrics","Funding",0.942749
"theme4","Obstet. & Ped. Pharmacol. & Therap.","NC","Pediatrics","Awards",15
"theme4","Obstet. & Ped. Pharmacol. & Therap.","NC","Pediatrics","Funding",4.243575
"theme4","Obstet. & Ped. Pharmacol. & Therap.","NJ","Pediatrics","Awards",1
"theme4","Obstet. & Ped. Pharmacol. & Therap.","NJ","Pediatrics","Funding",0.663345
"theme4","Obstet. & Ped. Pharmacol. & Therap.","NY","Pediatrics","Awards",4
"theme4","Obstet. & Ped. Pharmacol. & Therap.","NY","Pediatrics","Funding",4.330516
"theme4","Obstet. & Ped. Pharmacol. & Therap.","OH","Pediatrics","Awards",7
"theme4","Obstet. & Ped. Pharmacol. & Therap.","OH","Pediatrics","Funding",3.66692
"theme4","Obstet. & Ped. Pharmacol. & Therap.","OR","Pediatrics","Awards",1
"theme4","Obstet. & Ped. Pharmacol. & Therap.","OR","Pediatrics","Funding",0.659444
"theme4","Obstet. & Ped. Pharmacol. & Therap.","PA","Pediatrics","Awards",5
"theme4","Obstet. & Ped. Pharmacol. & Therap.","PA","Pediatrics","Funding",4.701825
"theme4","Obstet. & Ped. Pharmacol. & Therap.","TN","Pediatrics","Awards",3
"theme4","Obstet. & Ped. Pharmacol. & Therap.","TN","Pediatrics","Funding",2.258393
"theme4","Obstet. & Ped. Pharmacol. & Therap.","TX","Pediatrics","Awards",5
"theme4","Obstet. & Ped. Pharmacol. & Therap.","TX","Pediatrics","Funding",3.098172
"theme4","Obstet. & Ped. Pharmacol. & Therap.","UT","Pediatrics","Awards",1
"theme4","Obstet. & Ped. Pharmacol. & Therap.","UT","Pediatrics","Funding",0.288294
"theme4","Obstet. & Ped. Pharmacol. & Therap.","WA","Pediatrics","Awards",1
"theme4","Obstet. & Ped. Pharmacol. & Therap.","WA","Pediatrics","Funding",0.480822
"theme4","Obstet. & Ped. Pharmacol. & Therap.","WI","Pediatrics","Awards",1
"theme4","Obstet. & Ped. Pharmacol. & Therap.","WI","Pediatrics","Funding",0.327289
"theme4","Obstet. & Ped. Pharmacol. & Therap.","ZZ","Pediatrics","Awards",1
"theme4","Obstet. & Ped. Pharmacol. & Therap.","ZZ","Pediatrics","Funding",0.56225
"theme4","Pediatric Growth & Nutrition","AL","Pediatrics","Awards",1
"theme4","Pediatric Growth & Nutrition","AL","Pediatrics","Funding",0.41928
"theme4","Pediatric Growth & Nutrition","AZ","Pediatrics","Awards",2
"theme4","Pediatric Growth & Nutrition","AZ","Pediatrics","Funding",0.874288
"theme4","Pediatric Growth & Nutrition","CA","Pediatrics","Awards",21
"theme4","Pediatric Growth & Nutrition","CA","Pediatrics","Funding",7.848311
"theme4","Pediatric Growth & Nutrition","CO","Pediatrics","Awards",2
"theme4","Pediatric Growth & Nutrition","CO","Pediatrics","Funding",0.792165
"theme4","Pediatric Growth & Nutrition","CT","Pediatrics","Awards",1
"theme4","Pediatric Growth & Nutrition","CT","Pediatrics","Funding",0.553621
"theme4","Pediatric Growth & Nutrition","DC","Pediatrics","Awards",4
"theme4","Pediatric Growth & Nutrition","DC","Pediatrics","Funding",1.937278
"theme4","Pediatric Growth & Nutrition","FL","Pediatrics","Awards",1
"theme4","Pediatric Growth & Nutrition","FL","Pediatrics","Funding",0.395006
"theme4","Pediatric Growth & Nutrition","GA","Pediatrics","Awards",3
"theme4","Pediatric Growth & Nutrition","GA","Pediatrics","Funding",0.806019
"theme4","Pediatric Growth & Nutrition","HI","Pediatrics","Awards",1
"theme4","Pediatric Growth & Nutrition","HI","Pediatrics","Funding",0.623728
"theme4","Pediatric Growth & Nutrition","IA","Pediatrics","Awards",1
"theme4","Pediatric Growth & Nutrition","IA","Pediatrics","Funding",0.444503
"theme4","Pediatric Growth & Nutrition","ID","Pediatrics","Awards",1
"theme4","Pediatric Growth & Nutrition","ID","Pediatrics","Funding",0.239399
"theme4","Pediatric Growth & Nutrition","IL","Pediatrics","Awards",3
"theme4","Pediatric Growth & Nutrition","IL","Pediatrics","Funding",1.649342
"theme4","Pediatric Growth & Nutrition","IN","Pediatrics","Awards",2
"theme4","Pediatric Growth & Nutrition","IN","Pediatrics","Funding",0.325214
"theme4","Pediatric Growth & Nutrition","KY","Pediatrics","Awards",1
"theme4","Pediatric Growth & Nutrition","KY","Pediatrics","Funding",0.603611
"theme4","Pediatric Growth & Nutrition","LA","Pediatrics","Awards",1
"theme4","Pediatric Growth & Nutrition","LA","Pediatrics","Funding",0.079348
"theme4","Pediatric Growth & Nutrition","MA","Pediatrics","Awards",12
"theme4","Pediatric Growth & Nutrition","MA","Pediatrics","Funding",6.188001
"theme4","Pediatric Growth & Nutrition","MB","Pediatrics","Awards",1
"theme4","Pediatric Growth & Nutrition","MB","Pediatrics","Funding",0.584243
"theme4","Pediatric Growth & Nutrition","MD","Pediatrics","Awards",1
"theme4","Pediatric Growth & Nutrition","MD","Pediatrics","Funding",0.01
"theme4","Pediatric Growth & Nutrition","MI","Pediatrics","Awards",6
"theme4","Pediatric Growth & Nutrition","MI","Pediatrics","Funding",1.758178
"theme4","Pediatric Growth & Nutrition","MN","Pediatrics","Awards",4
"theme4","Pediatric Growth & Nutrition","MN","Pediatrics","Funding",2.085218
"theme4","Pediatric Growth & Nutrition","MO","Pediatrics","Awards",2
"theme4","Pediatric Growth & Nutrition","MO","Pediatrics","Funding",0.767056
"theme4","Pediatric Growth & Nutrition","NC","Pediatrics","Awards",5
"theme4","Pediatric Growth & Nutrition","NC","Pediatrics","Funding",0.800678
"theme4","Pediatric Growth & Nutrition","NE","Pediatrics","Awards",1
"theme4","Pediatric Growth & Nutrition","NE","Pediatrics","Funding",0.582898
"theme4","Pediatric Growth & Nutrition","NJ","Pediatrics","Awards",6
"theme4","Pediatric Growth & Nutrition","NJ","Pediatrics","Funding",1.275695
"theme4","Pediatric Growth & Nutrition","NY","Pediatrics","Awards",7
"theme4","Pediatric Growth & Nutrition","NY","Pediatrics","Funding",4.398114
"theme4","Pediatric Growth & Nutrition","OH","Pediatrics","Awards",5
"theme4","Pediatric Growth & Nutrition","OH","Pediatrics","Funding",2.503704
"theme4","Pediatric Growth & Nutrition","OK","Pediatrics","Awards",2
"theme4","Pediatric Growth & Nutrition","OK","Pediatrics","Funding",0.913306
"theme4","Pediatric Growth & Nutrition","OR","Pediatrics","Awards",3
"theme4","Pediatric Growth & Nutrition","OR","Pediatrics","Funding",1.685434
"theme4","Pediatric Growth & Nutrition","PA","Pediatrics","Awards",9
"theme4","Pediatric Growth & Nutrition","PA","Pediatrics","Funding",2.742843
"theme4","Pediatric Growth & Nutrition","RI","Pediatrics","Awards",3
"theme4","Pediatric Growth & Nutrition","RI","Pediatrics","Funding",0.887052
"theme4","Pediatric Growth & Nutrition","SC","Pediatrics","Awards",2
"theme4","Pediatric Growth & Nutrition","SC","Pediatrics","Funding",0.446877
"theme4","Pediatric Growth & Nutrition","TN","Pediatrics","Awards",4
"theme4","Pediatric Growth & Nutrition","TN","Pediatrics","Funding",1.794831
"theme4","Pediatric Growth & Nutrition","TX","Pediatrics","Awards",4
"theme4","Pediatric Growth & Nutrition","TX","Pediatrics","Funding",1.681099
"theme4","Pediatric Growth & Nutrition","UT","Pediatrics","Awards",2
"theme4","Pediatric Growth & Nutrition","UT","Pediatrics","Funding",0.095404
"theme4","Pediatric Growth & Nutrition","VA","Pediatrics","Awards",3
"theme4","Pediatric Growth & Nutrition","VA","Pediatrics","Funding",1.041129
"theme4","Pediatric Growth & Nutrition","WA","Pediatrics","Awards",4
"theme4","Pediatric Growth & Nutrition","WA","Pediatrics","Funding",0.777737
"theme4","Pediatric Growth & Nutrition","WI","Pediatrics","Awards",1
"theme4","Pediatric Growth & Nutrition","WI","Pediatrics","Funding",0.633769
"theme4","Pediatric Trauma & Critical Care","AL","Pediatrics","Awards",2
"theme4","Pediatric Trauma & Critical Care","AL","Pediatrics","Funding",0.862124
"theme4","Pediatric Trauma & Critical Care","AZ","Pediatrics","Awards",1
"theme4","Pediatric Trauma & Critical Care","AZ","Pediatrics","Funding",0.409845
"theme4","Pediatric Trauma & Critical Care","CA","Pediatrics","Awards",16
"theme4","Pediatric Trauma & Critical Care","CA","Pediatrics","Funding",6.883432
"theme4","Pediatric Trauma & Critical Care","CO","Pediatrics","Awards",7
"theme4","Pediatric Trauma & Critical Care","CO","Pediatrics","Funding",2.306593
"theme4","Pediatric Trauma & Critical Care","CT","Pediatrics","Awards",5
"theme4","Pediatric Trauma & Critical Care","CT","Pediatrics","Funding",2.440455
"theme4","Pediatric Trauma & Critical Care","DC","Pediatrics","Awards",2
"theme4","Pediatric Trauma & Critical Care","DC","Pediatrics","Funding",0.858096
"theme4","Pediatric Trauma & Critical Care","FL","Pediatrics","Awards",2
"theme4","Pediatric Trauma & Critical Care","FL","Pediatrics","Funding",0.588596
"theme4","Pediatric Trauma & Critical Care","GA","Pediatrics","Awards",3
"theme4","Pediatric Trauma & Critical Care","GA","Pediatrics","Funding",0.380544
"theme4","Pediatric Trauma & Critical Care","IA","Pediatrics","Awards",3
"theme4","Pediatric Trauma & Critical Care","IA","Pediatrics","Funding",0.691879
"theme4","Pediatric Trauma & Critical Care","IL","Pediatrics","Awards",8
"theme4","Pediatric Trauma & Critical Care","IL","Pediatrics","Funding",3.712579
"theme4","Pediatric Trauma & Critical Care","IN","Pediatrics","Awards",5
"theme4","Pediatric Trauma & Critical Care","IN","Pediatrics","Funding",1.567689
"theme4","Pediatric Trauma & Critical Care","MA","Pediatrics","Awards",8
"theme4","Pediatric Trauma & Critical Care","MA","Pediatrics","Funding",5.171051
"theme4","Pediatric Trauma & Critical Care","MD","Pediatrics","Awards",8
"theme4","Pediatric Trauma & Critical Care","MD","Pediatrics","Funding",3.619624
"theme4","Pediatric Trauma & Critical Care","MI","Pediatrics","Awards",7
"theme4","Pediatric Trauma & Critical Care","MI","Pediatrics","Funding",6.02142
"theme4","Pediatric Trauma & Critical Care","MN","Pediatrics","Awards",5
"theme4","Pediatric Trauma & Critical Care","MN","Pediatrics","Funding",2.851928
"theme4","Pediatric Trauma & Critical Care","NC","Pediatrics","Awards",7
"theme4","Pediatric Trauma & Critical Care","NC","Pediatrics","Funding",3.791874
"theme4","Pediatric Trauma & Critical Care","NV","Pediatrics","Awards",1
"theme4","Pediatric Trauma & Critical Care","NV","Pediatrics","Funding",0.153602
"theme4","Pediatric Trauma & Critical Care","NY","Pediatrics","Awards",11
"theme4","Pediatric Trauma & Critical Care","NY","Pediatrics","Funding",8.785969
"theme4","Pediatric Trauma & Critical Care","OH","Pediatrics","Awards",11
"theme4","Pediatric Trauma & Critical Care","OH","Pediatrics","Funding",6.03359
"theme4","Pediatric Trauma & Critical Care","PA","Pediatrics","Awards",18
"theme4","Pediatric Trauma & Critical Care","PA","Pediatrics","Funding",8.213998
"theme4","Pediatric Trauma & Critical Care","RI","Pediatrics","Awards",2
"theme4","Pediatric Trauma & Critical Care","RI","Pediatrics","Funding",0.795902
"theme4","Pediatric Trauma & Critical Care","SC","Pediatrics","Awards",4
"theme4","Pediatric Trauma & Critical Care","SC","Pediatrics","Funding",2.214232
"theme4","Pediatric Trauma & Critical Care","TN","Pediatrics","Awards",1
"theme4","Pediatric Trauma & Critical Care","TN","Pediatrics","Funding",0.128596
"theme4","Pediatric Trauma & Critical Care","TX","Pediatrics","Awards",6
"theme4","Pediatric Trauma & Critical Care","TX","Pediatrics","Funding",2.356222
"theme4","Pediatric Trauma & Critical Care","UT","Pediatrics","Awards",3
"theme4","Pediatric Trauma & Critical Care","UT","Pediatrics","Funding",1.187028
"theme4","Pediatric Trauma & Critical Care","WA","Pediatrics","Awards",13
"theme4","Pediatric Trauma & Critical Care","WA","Pediatrics","Funding",3.755626
"theme4","Population Dynamics","AZ","Pediatrics","Awards",3
"theme4","Population Dynamics","AZ","Pediatrics","Funding",1.630203
"theme4","Population Dynamics","CA","Pediatrics","Awards",23
"theme4","Population Dynamics","CA","Pediatrics","Funding",10.454116
"theme4","Population Dynamics","CO","Pediatrics","Awards",3
"theme4","Population Dynamics","CO","Pediatrics","Funding",2.867994
"theme4","Population Dynamics","CT","Pediatrics","Awards",1
"theme4","Population Dynamics","CT","Pediatrics","Funding",0.463689
"theme4","Population Dynamics","DC","Pediatrics","Awards",1
"theme4","Population Dynamics","DC","Pediatrics","Funding",0.704252
"theme4","Population Dynamics","FL","Pediatrics","Awards",1
"theme4","Population Dynamics","FL","Pediatrics","Funding",0.540915
"theme4","Population Dynamics","GA","Pediatrics","Awards",4
"theme4","Population Dynamics","GA","Pediatrics","Funding",1.493462
"theme4","Population Dynamics","IL","Pediatrics","Awards",5
"theme4","Population Dynamics","IL","Pediatrics","Funding",1.742482
"theme4","Population Dynamics","IN","Pediatrics","Awards",3
"theme4","Population Dynamics","IN","Pediatrics","Funding",0.95798
"theme4","Population Dynamics","LA","Pediatrics","Awards",2
"theme4","Population Dynamics","LA","Pediatrics","Funding",0.700442
"theme4","Population Dynamics","MA","Pediatrics","Awards",12
"theme4","Population Dynamics","MA","Pediatrics","Funding",6.498627
"theme4","Population Dynamics","MD","Pediatrics","Awards",13
"theme4","Population Dynamics","MD","Pediatrics","Funding",4.480579
"theme4","Population Dynamics","MI","Pediatrics","Awards",18
"theme4","Population Dynamics","MI","Pediatrics","Funding",8.767336
"theme4","Population Dynamics","MN","Pediatrics","Awards",7
"theme4","Population Dynamics","MN","Pediatrics","Funding",3.38826
"theme4","Population Dynamics","MO","Pediatrics","Awards",1
"theme4","Population Dynamics","MO","Pediatrics","Funding",0.161592
"theme4","Population Dynamics","NC","Pediatrics","Awards",14
"theme4","Population Dynamics","NC","Pediatrics","Funding",4.027826
"theme4","Population Dynamics","NJ","Pediatrics","Awards",4
"theme4","Population Dynamics","NJ","Pediatrics","Funding",4.906572
"theme4","Population Dynamics","NV","Pediatrics","Awards",3
"theme4","Population Dynamics","NV","Pediatrics","Funding",0.975202
"theme4","Population Dynamics","NY","Pediatrics","Awards",16
"theme4","Population Dynamics","NY","Pediatrics","Funding",5.387721
"theme4","Population Dynamics","OH","Pediatrics","Awards",4
"theme4","Population Dynamics","OH","Pediatrics","Funding",2.254881
"theme4","Population Dynamics","PA","Pediatrics","Awards",15
"theme4","Population Dynamics","PA","Pediatrics","Funding",6.447634
"theme4","Population Dynamics","RI","Pediatrics","Awards",2
"theme4","Population Dynamics","RI","Pediatrics","Funding",1.164333
"theme4","Population Dynamics","SC","Pediatrics","Awards",1
"theme4","Population Dynamics","SC","Pediatrics","Funding",0.37814
"theme4","Population Dynamics","TN","Pediatrics","Awards",1
"theme4","Population Dynamics","TN","Pediatrics","Funding",0.188974
"theme4","Population Dynamics","TX","Pediatrics","Awards",6
"theme4","Population Dynamics","TX","Pediatrics","Funding",2.76359
"theme4","Population Dynamics","UT","Pediatrics","Awards",1
"theme4","Population Dynamics","UT","Pediatrics","Funding",0.167455
"theme4","Population Dynamics","WA","Pediatrics","Awards",4
"theme4","Population Dynamics","WA","Pediatrics","Funding",1.17761
"theme4","Population Dynamics","WI","Pediatrics","Awards",10
"theme4","Population Dynamics","WI","Pediatrics","Funding",3.727869
"theme4","Population Dynamics","WV","Pediatrics","Awards",1
"theme4","Population Dynamics","WV","Pediatrics","Funding",0.15984
"theme4","Pregnancy & Perinatology","AL","Pediatrics","Awards",6
"theme4","Pregnancy & Perinatology","AL","Pediatrics","Funding",3.360813
"theme4","Pregnancy & Perinatology","AR","Pediatrics","Awards",3
"theme4","Pregnancy & Perinatology","AR","Pediatrics","Funding",0.763587
"theme4","Pregnancy & Perinatology","CA","Pediatrics","Awards",23
"theme4","Pregnancy & Perinatology","CA","Pediatrics","Funding",8.338032
"theme4","Pregnancy & Perinatology","CO","Pediatrics","Awards",2
"theme4","Pregnancy & Perinatology","CO","Pediatrics","Funding",0.758843
"theme4","Pregnancy & Perinatology","CT","Pediatrics","Awards",3
"theme4","Pregnancy & Perinatology","CT","Pediatrics","Funding",1.140527
"theme4","Pregnancy & Perinatology","DC","Pediatrics","Awards",2
"theme4","Pregnancy & Perinatology","DC","Pediatrics","Funding",0.995652
"theme4","Pregnancy & Perinatology","FL","Pediatrics","Awards",1
"theme4","Pregnancy & Perinatology","FL","Pediatrics","Funding",0.812852
"theme4","Pregnancy & Perinatology","GA","Pediatrics","Awards",3
"theme4","Pregnancy & Perinatology","GA","Pediatrics","Funding",1.048564
"theme4","Pregnancy & Perinatology","IA","Pediatrics","Awards",1
"theme4","Pregnancy & Perinatology","IA","Pediatrics","Funding",0.325248
"theme4","Pregnancy & Perinatology","ID","Pediatrics","Awards",1
"theme4","Pregnancy & Perinatology","ID","Pediatrics","Funding",0.573021
"theme4","Pregnancy & Perinatology","IL","Pediatrics","Awards",4
"theme4","Pregnancy & Perinatology","IL","Pediatrics","Funding",1.911785
"theme4","Pregnancy & Perinatology","IN","Pediatrics","Awards",4
"theme4","Pregnancy & Perinatology","IN","Pediatrics","Funding",1.093552
"theme4","Pregnancy & Perinatology","KY","Pediatrics","Awards",2
"theme4","Pregnancy & Perinatology","KY","Pediatrics","Funding",0.754139
"theme4","Pregnancy & Perinatology","MA","Pediatrics","Awards",28
"theme4","Pregnancy & Perinatology","MA","Pediatrics","Funding",25.38962
"theme4","Pregnancy & Perinatology","MD","Pediatrics","Awards",3
"theme4","Pregnancy & Perinatology","MD","Pediatrics","Funding",0.948896
"theme4","Pregnancy & Perinatology","MI","Pediatrics","Awards",4
"theme4","Pregnancy & Perinatology","MI","Pediatrics","Funding",0.965452
"theme4","Pregnancy & Perinatology","MN","Pediatrics","Awards",3
"theme4","Pregnancy & Perinatology","MN","Pediatrics","Funding",2.053014
"theme4","Pregnancy & Perinatology","MO","Pediatrics","Awards",2
"theme4","Pregnancy & Perinatology","MO","Pediatrics","Funding",1.064413
"theme4","Pregnancy & Perinatology","MS","Pediatrics","Awards",1
"theme4","Pregnancy & Perinatology","MS","Pediatrics","Funding",0.296955
"theme4","Pregnancy & Perinatology","NC","Pediatrics","Awards",10
"theme4","Pregnancy & Perinatology","NC","Pediatrics","Funding",8.403004
"theme4","Pregnancy & Perinatology","NJ","Pediatrics","Awards",2
"theme4","Pregnancy & Perinatology","NJ","Pediatrics","Funding",0.818193
"theme4","Pregnancy & Perinatology","NM","Pediatrics","Awards",2
"theme4","Pregnancy & Perinatology","NM","Pediatrics","Funding",0.543491
"theme4","Pregnancy & Perinatology","NY","Pediatrics","Awards",3
"theme4","Pregnancy & Perinatology","NY","Pediatrics","Funding",1.124685
"theme4","Pregnancy & Perinatology","OH","Pediatrics","Awards",9
"theme4","Pregnancy & Perinatology","OH","Pediatrics","Funding",3.571908
"theme4","Pregnancy & Perinatology","ON","Pediatrics","Awards",1
"theme4","Pregnancy & Perinatology","ON","Pediatrics","Funding",0.477421
"theme4","Pregnancy & Perinatology","OR","Pediatrics","Awards",1
"theme4","Pregnancy & Perinatology","OR","Pediatrics","Funding",0.657651
"theme4","Pregnancy & Perinatology","PA","Pediatrics","Awards",10
"theme4","Pregnancy & Perinatology","PA","Pediatrics","Funding",3.225258
"theme4","Pregnancy & Perinatology","RI","Pediatrics","Awards",5
"theme4","Pregnancy & Perinatology","RI","Pediatrics","Funding",1.268842
"theme4","Pregnancy & Perinatology","SC","Pediatrics","Awards",3
"theme4","Pregnancy & Perinatology","SC","Pediatrics","Funding",1.133849
"theme4","Pregnancy & Perinatology","TN","Pediatrics","Awards",1
"theme4","Pregnancy & Perinatology","TN","Pediatrics","Funding",0.644232
"theme4","Pregnancy & Perinatology","TX","Pediatrics","Awards",10
"theme4","Pregnancy & Perinatology","TX","Pediatrics","Funding",4.304628
"theme4","Pregnancy & Perinatology","UT","Pediatrics","Awards",2
"theme4","Pregnancy & Perinatology","UT","Pediatrics","Funding",0.846432
"theme4","Pregnancy & Perinatology","VA","Pediatrics","Awards",4
"theme4","Pregnancy & Perinatology","VA","Pediatrics","Funding",1.583175
"theme4","Pregnancy & Perinatology","WA","Pediatrics","Awards",9
"theme4","Pregnancy & Perinatology","WA","Pediatrics","Funding",6.35521
"theme4","Pregnancy & Perinatology","WI","Pediatrics","Awards",1
"theme4","Pregnancy & Perinatology","WI","Pediatrics","Funding",0.187715
"theme5","Child Development & Behavior","CA","Pharmacology","Awards",1
"theme5","Child Development & Behavior","CA","Pharmacology","Funding",0.639347
"theme5","Child Development & Behavior","MT","Pharmacology","Awards",1
"theme5","Child Development & Behavior","MT","Pharmacology","Funding",0.727781
"theme5","Dev. Biology & Congenital Anomalies","MI","Pharmacology","Awards",1
"theme5","Dev. Biology & Congenital Anomalies","MI","Pharmacology","Funding",0.896013
"theme5","Fertility & Infertility","CA","Pharmacology","Awards",1
"theme5","Fertility & Infertility","CA","Pharmacology","Funding",0.645938
"theme5","Fertility & Infertility","CT","Pharmacology","Awards",1
"theme5","Fertility & Infertility","CT","Pharmacology","Funding",0.399999
"theme5","Fertility & Infertility","FL","Pharmacology","Awards",1
"theme5","Fertility & Infertility","FL","Pharmacology","Funding",0.419375
"theme5","Fertility & Infertility","MA","Pharmacology","Awards",1
"theme5","Fertility & Infertility","MA","Pharmacology","Funding",0.730972
"theme5","Fertility & Infertility","MN","Pharmacology","Awards",2
"theme5","Fertility & Infertility","MN","Pharmacology","Funding",0.614168
"theme5","Fertility & Infertility","MO","Pharmacology","Awards",2
"theme5","Fertility & Infertility","MO","Pharmacology","Funding",1.703385
"theme5","Fertility & Infertility","NC","Pharmacology","Awards",1
"theme5","Fertility & Infertility","NC","Pharmacology","Funding",1.389051
"theme5","Fertility & Infertility","NJ","Pharmacology","Awards",3
"theme5","Fertility & Infertility","NJ","Pharmacology","Funding",1.373233
"theme5","Fertility & Infertility","NY","Pharmacology","Awards",3
"theme5","Fertility & Infertility","NY","Pharmacology","Funding",3.134797
"theme5","Fertility & Infertility","OH","Pharmacology","Awards",1
"theme5","Fertility & Infertility","OH","Pharmacology","Funding",0.034446
"theme5","Fertility & Infertility","OR","Pharmacology","Awards",2
"theme5","Fertility & Infertility","OR","Pharmacology","Funding",0.940982
"theme5","Fertility & Infertility","SC","Pharmacology","Awards",1
"theme5","Fertility & Infertility","SC","Pharmacology","Funding",0.309251
"theme5","Fertility & Infertility","TN","Pharmacology","Awards",1
"theme5","Fertility & Infertility","TN","Pharmacology","Funding",0.241549
"theme5","Fertility & Infertility","TX","Pharmacology","Awards",2
"theme5","Fertility & Infertility","TX","Pharmacology","Funding",1.025299
"theme5","Fertility & Infertility","UT","Pharmacology","Awards",1
"theme5","Fertility & Infertility","UT","Pharmacology","Funding",0.167121
"theme5","Fertility & Infertility","WA","Pharmacology","Awards",1
"theme5","Fertility & Infertility","WA","Pharmacology","Funding",0.555944
"theme5","Gynecologic Health & Disease","CA","Pharmacology","Awards",1
"theme5","Gynecologic Health & Disease","CA","Pharmacology","Funding",0.123
"theme5","Gynecologic Health & Disease","CT","Pharmacology","Awards",2
"theme5","Gynecologic Health & Disease","CT","Pharmacology","Funding",1.953395
"theme5","Gynecologic Health & Disease","GA","Pharmacology","Awards",1
"theme5","Gynecologic Health & Disease","GA","Pharmacology","Funding",0.567763
"theme5","Gynecologic Health & Disease","IL","Pharmacology","Awards",1
"theme5","Gynecologic Health & Disease","IL","Pharmacology","Funding",3.077376
"theme5","Gynecologic Health & Disease","MA","Pharmacology","Awards",3
"theme5","Gynecologic Health & Disease","MA","Pharmacology","Funding",2.61254
"theme5","Gynecologic Health & Disease","MI","Pharmacology","Awards",2
"theme5","Gynecologic Health & Disease","MI","Pharmacology","Funding",0.756675
"theme5","Gynecologic Health & Disease","MO","Pharmacology","Awards",2
"theme5","Gynecologic Health & Disease","MO","Pharmacology","Funding",1.137657
"theme5","Gynecologic Health & Disease","NY","Pharmacology","Awards",1
"theme5","Gynecologic Health & Disease","NY","Pharmacology","Funding",0.564599
"theme5","Gynecologic Health & Disease","OR","Pharmacology","Awards",3
"theme5","Gynecologic Health & Disease","OR","Pharmacology","Funding",1.969727
"theme5","Gynecologic Health & Disease","PA","Pharmacology","Awards",1
"theme5","Gynecologic Health & Disease","PA","Pharmacology","Funding",0.851144
"theme5","Gynecologic Health & Disease","TX","Pharmacology","Awards",5
"theme5","Gynecologic Health & Disease","TX","Pharmacology","Funding",3.548625
"theme5","Gynecologic Health & Disease","WA","Pharmacology","Awards",2
"theme5","Gynecologic Health & Disease","WA","Pharmacology","Funding",0.819907
"theme5","Intellectual & Developmental Disabilities","AL","Pharmacology","Awards",1
"theme5","Intellectual & Developmental Disabilities","AL","Pharmacology","Funding",0.213186
"theme5","Intellectual & Developmental Disabilities","AR","Pharmacology","Awards",1
"theme5","Intellectual & Developmental Disabilities","AR","Pharmacology","Funding",0.306669
"theme5","Intellectual & Developmental Disabilities","AZ","Pharmacology","Awards",2
"theme5","Intellectual & Developmental Disabilities","AZ","Pharmacology","Funding",1.799232
"theme5","Intellectual & Developmental Disabilities","CA","Pharmacology","Awards",3
"theme5","Intellectual & Developmental Disabilities","CA","Pharmacology","Funding",1.669193
"theme5","Intellectual & Developmental Disabilities","CO","Pharmacology","Awards",1
"theme5","Intellectual & Developmental Disabilities","CO","Pharmacology","Funding",1.224805
"theme5","Intellectual & Developmental Disabilities","FL","Pharmacology","Awards",2
"theme5","Intellectual & Developmental Disabilities","FL","Pharmacology","Funding",1.709644
"theme5","Intellectual & Developmental Disabilities","KS","Pharmacology","Awards",1
"theme5","Intellectual & Developmental Disabilities","KS","Pharmacology","Funding",0.243934
"theme5","Intellectual & Developmental Disabilities","MA","Pharmacology","Awards",2
"theme5","Intellectual & Developmental Disabilities","MA","Pharmacology","Funding",1.298123
"theme5","Intellectual & Developmental Disabilities","MO","Pharmacology","Awards",1
"theme5","Intellectual & Developmental Disabilities","MO","Pharmacology","Funding",0.199884
"theme5","Intellectual & Developmental Disabilities","NC","Pharmacology","Awards",1
"theme5","Intellectual & Developmental Disabilities","NC","Pharmacology","Funding",0.160282
"theme5","Intellectual & Developmental Disabilities","NJ","Pharmacology","Awards",3
"theme5","Intellectual & Developmental Disabilities","NJ","Pharmacology","Funding",1.663074
"theme5","Intellectual & Developmental Disabilities","NY","Pharmacology","Awards",4
"theme5","Intellectual & Developmental Disabilities","NY","Pharmacology","Funding",2.766658
"theme5","Intellectual & Developmental Disabilities","OH","Pharmacology","Awards",1
"theme5","Intellectual & Developmental Disabilities","OH","Pharmacology","Funding",1.487548
"theme5","Intellectual & Developmental Disabilities","OR","Pharmacology","Awards",1
"theme5","Intellectual & Developmental Disabilities","OR","Pharmacology","Funding",0.425179
"theme5","Intellectual & Developmental Disabilities","PA","Pharmacology","Awards",1
"theme5","Intellectual & Developmental Disabilities","PA","Pharmacology","Funding",0.339414
"theme5","Intellectual & Developmental Disabilities","TX","Pharmacology","Awards",3
"theme5","Intellectual & Developmental Disabilities","TX","Pharmacology","Funding",0.15293
"theme5","Matern. & Ped. Infectious Diseases","AL","Pharmacology","Awards",1
"theme5","Matern. & Ped. Infectious Diseases","AL","Pharmacology","Funding",0.351326
"theme5","Matern. & Ped. Infectious Diseases","CA","Pharmacology","Awards",5
"theme5","Matern. & Ped. Infectious Diseases","CA","Pharmacology","Funding",1.583075
"theme5","Matern. & Ped. Infectious Diseases","CT","Pharmacology","Awards",1
"theme5","Matern. & Ped. Infectious Diseases","CT","Pharmacology","Funding",0.67651
"theme5","Matern. & Ped. Infectious Diseases","IL","Pharmacology","Awards",1
"theme5","Matern. & Ped. Infectious Diseases","IL","Pharmacology","Funding",1.787803
"theme5","Matern. & Ped. Infectious Diseases","IN","Pharmacology","Awards",1
"theme5","Matern. & Ped. Infectious Diseases","IN","Pharmacology","Funding",0.735505
"theme5","Matern. & Ped. Infectious Diseases","MA","Pharmacology","Awards",3
"theme5","Matern. & Ped. Infectious Diseases","MA","Pharmacology","Funding",1.740783
"theme5","Matern. & Ped. Infectious Diseases","MD","Pharmacology","Awards",9
"theme5","Matern. & Ped. Infectious Diseases","MD","Pharmacology","Funding",1.607243
"theme5","Matern. & Ped. Infectious Diseases","MN","Pharmacology","Awards",1
"theme5","Matern. & Ped. Infectious Diseases","MN","Pharmacology","Funding",0.677303
"theme5","Matern. & Ped. Infectious Diseases","NE","Pharmacology","Awards",2
"theme5","Matern. & Ped. Infectious Diseases","NE","Pharmacology","Funding",0.98943
"theme5","Matern. & Ped. Infectious Diseases","PA","Pharmacology","Awards",2
"theme5","Matern. & Ped. Infectious Diseases","PA","Pharmacology","Funding",0.732025
"theme5","Matern. & Ped. Infectious Diseases","TX","Pharmacology","Awards",1
"theme5","Matern. & Ped. Infectious Diseases","TX","Pharmacology","Funding",0.48
"theme5","Matern. & Ped. Infectious Diseases","UT","Pharmacology","Awards",2
"theme5","Matern. & Ped. Infectious Diseases","UT","Pharmacology","Funding",0.274876
"theme5","Matern. & Ped. Infectious Diseases","WA","Pharmacology","Awards",9
"theme5","Matern. & Ped. Infectious Diseases","WA","Pharmacology","Funding",5.269335
"theme5","Matern. & Ped. Infectious Diseases","ZZ","Pharmacology","Awards",2
"theme5","Matern. & Ped. Infectious Diseases","ZZ","Pharmacology","Funding",1.22159
"theme5","Natl. Ctr. for Med. Rehabilitation Res.","IL","Pharmacology","Awards",1
"theme5","Natl. Ctr. for Med. Rehabilitation Res.","IL","Pharmacology","Funding",0.674741
"theme5","Natl. Ctr. for Med. Rehabilitation Res.","MD","Pharmacology","Awards",1
"theme5","Natl. Ctr. for Med. Rehabilitation Res.","MD","Pharmacology","Funding",0.240722
"theme5","Natl. Ctr. for Med. Rehabilitation Res.","MI","Pharmacology","Awards",1
"theme5","Natl. Ctr. for Med. Rehabilitation Res.","MI","Pharmacology","Funding",0.304906
"theme5","Natl. Ctr. for Med. Rehabilitation Res.","WA","Pharmacology","Awards",1
"theme5","Natl. Ctr. for Med. Rehabilitation Res.","WA","Pharmacology","Funding",0.302598
"theme5","Obstet. & Ped. Pharmacol. & Therap.","AL","Pharmacology","Awards",1
"theme5","Obstet. & Ped. Pharmacol. & Therap.","AL","Pharmacology","Funding",0.629182
"theme5","Obstet. & Ped. Pharmacol. & Therap.","AR","Pharmacology","Awards",1
"theme5","Obstet. & Ped. Pharmacol. & Therap.","AR","Pharmacology","Funding",0.63523
"theme5","Obstet. & Ped. Pharmacol. & Therap.","CA","Pharmacology","Awards",8
"theme5","Obstet. & Ped. Pharmacol. & Therap.","CA","Pharmacology","Funding",4.574017
"theme5","Obstet. & Ped. Pharmacol. & Therap.","CO","Pharmacology","Awards",1
"theme5","Obstet. & Ped. Pharmacol. & Therap.","CO","Pharmacology","Funding",0.418315
"theme5","Obstet. & Ped. Pharmacol. & Therap.","DC","Pharmacology","Awards",2
"theme5","Obstet. & Ped. Pharmacol. & Therap.","DC","Pharmacology","Funding",1.423744
"theme5","Obstet. & Ped. Pharmacol. & Therap.","IN","Pharmacology","Awards",2
"theme5","Obstet. & Ped. Pharmacol. & Therap.","IN","Pharmacology","Funding",3.533807
"theme5","Obstet. & Ped. Pharmacol. & Therap.","MA","Pharmacology","Awards",10
"theme5","Obstet. & Ped. Pharmacol. & Therap.","MA","Pharmacology","Funding",3.338042
"theme5","Obstet. & Ped. Pharmacol. & Therap.","MD","Pharmacology","Awards",2
"theme5","Obstet. & Ped. Pharmacol. & Therap.","MD","Pharmacology","Funding",1.232367
"theme5","Obstet. & Ped. Pharmacol. & Therap.","MN","Pharmacology","Awards",2
"theme5","Obstet. & Ped. Pharmacol. & Therap.","MN","Pharmacology","Funding",1.200894
"theme5","Obstet. & Ped. Pharmacol. & Therap.","MO","Pharmacology","Awards",5
"theme5","Obstet. & Ped. Pharmacol. & Therap.","MO","Pharmacology","Funding",1.564703
"theme5","Obstet. & Ped. Pharmacol. & Therap.","NC","Pharmacology","Awards",12
"theme5","Obstet. & Ped. Pharmacol. & Therap.","NC","Pharmacology","Funding",3.495112
"theme5","Obstet. & Ped. Pharmacol. & Therap.","NE","Pharmacology","Awards",1
"theme5","Obstet. & Ped. Pharmacol. & Therap.","NE","Pharmacology","Funding",0.503579
"theme5","Obstet. & Ped. Pharmacol. & Therap.","NJ","Pharmacology","Awards",2
"theme5","Obstet. & Ped. Pharmacol. & Therap.","NJ","Pharmacology","Funding",3.803742
"theme5","Obstet. & Ped. Pharmacol. & Therap.","NV","Pharmacology","Awards",1
"theme5","Obstet. & Ped. Pharmacol. & Therap.","NV","Pharmacology","Funding",0.18375
"theme5","Obstet. & Ped. Pharmacol. & Therap.","NY","Pharmacology","Awards",3
"theme5","Obstet. & Ped. Pharmacol. & Therap.","NY","Pharmacology","Funding",4.149258
"theme5","Obstet. & Ped. Pharmacol. & Therap.","OH","Pharmacology","Awards",8
"theme5","Obstet. & Ped. Pharmacol. & Therap.","OH","Pharmacology","Funding",3.720642
"theme5","Obstet. & Ped. Pharmacol. & Therap.","PA","Pharmacology","Awards",7
"theme5","Obstet. & Ped. Pharmacol. & Therap.","PA","Pharmacology","Funding",5.870698
"theme5","Obstet. & Ped. Pharmacol. & Therap.","TN","Pharmacology","Awards",2
"theme5","Obstet. & Ped. Pharmacol. & Therap.","TN","Pharmacology","Funding",1.73125
"theme5","Obstet. & Ped. Pharmacol. & Therap.","TX","Pharmacology","Awards",7
"theme5","Obstet. & Ped. Pharmacol. & Therap.","TX","Pharmacology","Funding",4.201722
"theme5","Obstet. & Ped. Pharmacol. & Therap.","UT","Pharmacology","Awards",1
"theme5","Obstet. & Ped. Pharmacol. & Therap.","UT","Pharmacology","Funding",0.288294
"theme5","Obstet. & Ped. Pharmacol. & Therap.","WA","Pharmacology","Awards",4
"theme5","Obstet. & Ped. Pharmacol. & Therap.","WA","Pharmacology","Funding",2.509299
"theme5","Obstet. & Ped. Pharmacol. & Therap.","WI","Pharmacology","Awards",1
"theme5","Obstet. & Ped. Pharmacol. & Therap.","WI","Pharmacology","Funding",0.327289
"theme5","Obstet. & Ped. Pharmacol. & Therap.","ZZ","Pharmacology","Awards",1
"theme5","Obstet. & Ped. Pharmacol. & Therap.","ZZ","Pharmacology","Funding",0.56225
"theme5","Pediatric Growth & Nutrition","AL","Pharmacology","Awards",2
"theme5","Pediatric Growth & Nutrition","AL","Pharmacology","Funding",4.295012
"theme5","Pediatric Growth & Nutrition","CA","Pharmacology","Awards",2
"theme5","Pediatric Growth & Nutrition","CA","Pharmacology","Funding",0.72496
"theme5","Pediatric Growth & Nutrition","LA","Pharmacology","Awards",3
"theme5","Pediatric Growth & Nutrition","LA","Pharmacology","Funding",5.10925
"theme5","Pediatric Growth & Nutrition","MA","Pharmacology","Awards",2
"theme5","Pediatric Growth & Nutrition","MA","Pharmacology","Funding",1.780878
"theme5","Pediatric Growth & Nutrition","MO","Pharmacology","Awards",1
"theme5","Pediatric Growth & Nutrition","MO","Pharmacology","Funding",0.4235
"theme5","Pediatric Growth & Nutrition","OH","Pharmacology","Awards",1
"theme5","Pediatric Growth & Nutrition","OH","Pharmacology","Funding",0.623628
"theme5","Pediatric Growth & Nutrition","OR","Pharmacology","Awards",2
"theme5","Pediatric Growth & Nutrition","OR","Pharmacology","Funding",1.226837
"theme5","Pediatric Growth & Nutrition","VA","Pharmacology","Awards",1
"theme5","Pediatric Growth & Nutrition","VA","Pharmacology","Funding",0.471776
"theme5","Pediatric Growth & Nutrition","WA","Pharmacology","Awards",1
"theme5","Pediatric Growth & Nutrition","WA","Pharmacology","Funding",0.531174
"theme5","Pediatric Trauma & Critical Care","AL","Pharmacology","Awards",1
"theme5","Pediatric Trauma & Critical Care","AL","Pharmacology","Funding",0.629055
"theme5","Pediatric Trauma & Critical Care","CA","Pharmacology","Awards",2
"theme5","Pediatric Trauma & Critical Care","CA","Pharmacology","Funding",1.574438
"theme5","Pediatric Trauma & Critical Care","CO","Pharmacology","Awards",1
"theme5","Pediatric Trauma & Critical Care","CO","Pharmacology","Funding",0.162699
"theme5","Pediatric Trauma & Critical Care","MD","Pharmacology","Awards",1
"theme5","Pediatric Trauma & Critical Care","MD","Pharmacology","Funding",0.336738
"theme5","Pediatric Trauma & Critical Care","NY","Pharmacology","Awards",1
"theme5","Pediatric Trauma & Critical Care","NY","Pharmacology","Funding",3.444892
"theme5","Pediatric Trauma & Critical Care","PA","Pharmacology","Awards",2
"theme5","Pediatric Trauma & Critical Care","PA","Pharmacology","Funding",1.360265
"theme5","Pediatric Trauma & Critical Care","UT","Pharmacology","Awards",1
"theme5","Pediatric Trauma & Critical Care","UT","Pharmacology","Funding",0.1674
"theme5","Pediatric Trauma & Critical Care","WA","Pharmacology","Awards",1
"theme5","Pediatric Trauma & Critical Care","WA","Pharmacology","Funding",0.264
"theme5","Population Dynamics","MN","Pharmacology","Awards",1
"theme5","Population Dynamics","MN","Pharmacology","Funding",0.665202
"theme5","Pregnancy & Perinatology","AL","Pharmacology","Awards",3
"theme5","Pregnancy & Perinatology","AL","Pharmacology","Funding",0.834591
"theme5","Pregnancy & Perinatology","AR","Pharmacology","Awards",1
"theme5","Pregnancy & Perinatology","AR","Pharmacology","Funding",0.227965
"theme5","Pregnancy & Perinatology","CA","Pharmacology","Awards",1
"theme5","Pregnancy & Perinatology","CA","Pharmacology","Funding",0.968465
"theme5","Pregnancy & Perinatology","CT","Pharmacology","Awards",1
"theme5","Pregnancy & Perinatology","CT","Pharmacology","Funding",0.166428
"theme5","Pregnancy & Perinatology","DC","Pharmacology","Awards",3
"theme5","Pregnancy & Perinatology","DC","Pharmacology","Funding",7.792282
"theme5","Pregnancy & Perinatology","IN","Pharmacology","Awards",1
"theme5","Pregnancy & Perinatology","IN","Pharmacology","Funding",0.211851
"theme5","Pregnancy & Perinatology","KY","Pharmacology","Awards",1
"theme5","Pregnancy & Perinatology","KY","Pharmacology","Funding",0.221268
"theme5","Pregnancy & Perinatology","MA","Pharmacology","Awards",4
"theme5","Pregnancy & Perinatology","MA","Pharmacology","Funding",5.022372
"theme5","Pregnancy & Perinatology","MI","Pharmacology","Awards",2
"theme5","Pregnancy & Perinatology","MI","Pharmacology","Funding",0.923912
"theme5","Pregnancy & Perinatology","MN","Pharmacology","Awards",1
"theme5","Pregnancy & Perinatology","MN","Pharmacology","Funding",0.547471
"theme5","Pregnancy & Perinatology","MO","Pharmacology","Awards",2
"theme5","Pregnancy & Perinatology","MO","Pharmacology","Funding",2.989088
"theme5","Pregnancy & Perinatology","NC","Pharmacology","Awards",3
"theme5","Pregnancy & Perinatology","NC","Pharmacology","Funding",1.252572
"theme5","Pregnancy & Perinatology","NM","Pharmacology","Awards",1
"theme5","Pregnancy & Perinatology","NM","Pharmacology","Funding",0.222694
"theme5","Pregnancy & Perinatology","NY","Pharmacology","Awards",1
"theme5","Pregnancy & Perinatology","NY","Pharmacology","Funding",0.72707
"theme5","Pregnancy & Perinatology","OH","Pharmacology","Awards",4
"theme5","Pregnancy & Perinatology","OH","Pharmacology","Funding",1.430017
"theme5","Pregnancy & Perinatology","OK","Pharmacology","Awards",1
"theme5","Pregnancy & Perinatology","OK","Pharmacology","Funding",0.64153
"theme5","Pregnancy & Perinatology","OR","Pharmacology","Awards",1
"theme5","Pregnancy & Perinatology","OR","Pharmacology","Funding",0.739976
"theme5","Pregnancy & Perinatology","PA","Pharmacology","Awards",5
"theme5","Pregnancy & Perinatology","PA","Pharmacology","Funding",2.125359
"theme5","Pregnancy & Perinatology","UT","Pharmacology","Awards",1
"theme5","Pregnancy & Perinatology","UT","Pharmacology","Funding",0.507761
"theme5","Pregnancy & Perinatology","WA","Pharmacology","Awards",2
"theme5","Pregnancy & Perinatology","WA","Pharmacology","Funding",2.673839
"theme5","Pregnancy & Perinatology","WI","Pharmacology","Awards",1
"theme5","Pregnancy & Perinatology","WI","Pharmacology","Funding",0.496232
